Start Time,Duration,Run ID,Name,Source Type,Source Name,User,Status,dataset/_target_,dataset/cf_seq_mode,dataset/datasize,dataset/holdout_ratio,dataset/lag,dataset/max_seq_length,dataset/name,dataset/num_confounder,dataset/num_u,dataset/projection_horizon,dataset/seed,dataset/split/test,dataset/split/val,dataset/time_step,dataset/total_time_step,dataset/treatment_mode,dataset/val_batch_size,dataset/window_size,exp/alpha,exp/alpha_rate,exp/balancing,exp/bce_weight,exp/beta,exp/gpus,exp/logging,exp/max_epochs,exp/mlflow_uri,exp/percentage_rmse,exp/seed,exp/unscale_rmse,exp/update_alpha,exp/weights_ema,model/COSO/_target_,model/COSO/batch_size,model/COSO/br_size,model/COSO/dropout_rate,model/COSO/fc_hidden_units,model/COSO/hparams_grid,model/COSO/num_layer,model/COSO/optimizer/learning_rate,model/COSO/optimizer/lr_scheduler,model/COSO/optimizer/optimizer_cls,model/COSO/optimizer/weight_decay,model/COSO/resources_per_trial,model/COSO/s_alpha,model/COSO/seq_hidden_units,model/COSO/tune_hparams,model/COSO/tune_range,model/decoder/_target_,model/decoder/batch_size,model/decoder/br_size,model/decoder/dropout_rate,model/decoder/fc_hidden_units,model/decoder/hparams_grid,model/decoder/num_layer,model/decoder/optimizer/learning_rate,model/decoder/optimizer/lr_scheduler,model/decoder/optimizer/optimizer_cls,model/decoder/optimizer/weight_decay,model/decoder/resources_per_trial,model/decoder/s_alpha,model/decoder/seq_hidden_units,model/decoder/tune_hparams,model/decoder/tune_range,model/dim_abstract_confounders,model/dim_cosovitals,model/dim_outcomes,model/dim_s,model/dim_static_features,model/dim_treatments,model/dim_vitals,model/encoder/_target_,model/encoder/batch_size,model/encoder/br_size,model/encoder/dropout_rate,model/encoder/fc_hidden_units,model/encoder/hparams_grid,model/encoder/max_grad_norm,model/encoder/num_layer,model/encoder/optimizer/learning_rate,model/encoder/optimizer/lr_scheduler,model/encoder/optimizer/optimizer_cls,model/encoder/optimizer/weight_decay,model/encoder/resources_per_trial,model/encoder/s_alpha,model/encoder/seq_hidden_units,model/encoder/tune_hparams,model/encoder/tune_range,model/g_net/_target_,model/g_net/batch_size,model/g_net/comp_sizes,model/g_net/dropout_rate,model/g_net/fc_hidden_units,model/g_net/fit_vitals,model/g_net/hparams_grid,model/g_net/mc_samples,model/g_net/num_comp,model/g_net/num_layer,model/g_net/optimizer/learning_rate,model/g_net/optimizer/lr_scheduler,model/g_net/optimizer/optimizer_cls,model/g_net/optimizer/weight_decay,model/g_net/r_size,model/g_net/resources_per_trial,model/g_net/seq_hidden_units,model/g_net/tune_hparams,model/g_net/tune_range,model/name,model/propensity_history/_target_,model/propensity_history/batch_size,model/propensity_history/dropout_rate,model/propensity_history/hparams_grid,model/propensity_history/max_grad_norm,model/propensity_history/num_layer,model/propensity_history/optimizer/learning_rate,model/propensity_history/optimizer/lr_scheduler,model/propensity_history/optimizer/optimizer_cls,model/propensity_history/optimizer/weight_decay,model/propensity_history/resources_per_trial,model/propensity_history/seq_hidden_units,model/propensity_history/tune_hparams,model/propensity_history/tune_range,model/propensity_treatment/_target_,model/propensity_treatment/batch_size,model/propensity_treatment/dropout_rate,model/propensity_treatment/hparams_grid,model/propensity_treatment/max_grad_norm,model/propensity_treatment/num_layer,model/propensity_treatment/optimizer/learning_rate,model/propensity_treatment/optimizer/lr_scheduler,model/propensity_treatment/optimizer/optimizer_cls,model/propensity_treatment/optimizer/weight_decay,model/propensity_treatment/resources_per_trial,model/propensity_treatment/seq_hidden_units,model/propensity_treatment/tune_hparams,model/propensity_treatment/tune_range,model/train_decoder,COSO_train_loss,decoder_test_rmse_2-step,decoder_test_rmse_3-step,decoder_test_rmse_4-step,decoder_test_rmse_5-step,decoder_test_rmse_6-step,decoder_val_rmse_all,decoder_val_rmse_orig,encoder_alpha,encoder_mse_loss,encoder_test_rmse_all,encoder_test_rmse_last,encoder_test_rmse_orig,encoder_train_bce_loss,encoder_train_bce_loss_cl,encoder_train_loss,encoder_train_mse_loss,encoder_val_bce_loss,encoder_val_loss,encoder_val_mse_loss,encoder_val_rmse_all,encoder_val_rmse_orig,epoch,g_net_train_mse_loss,g_net_train_mse_loss_outcomes,g_net_train_mse_loss_vitals,propensity_history_bce_loss,propensity_history_test_bce_all,propensity_history_test_bce_orig,propensity_history_val_bce_all,propensity_history_val_bce_orig,propensity_treatment_bce_loss,propensity_treatment_test_bce_all,propensity_treatment_test_bce_orig,propensity_treatment_val_bce_all,propensity_treatment_val_bce_orig
2024-05-14 17:12:53,15.7min,0a553b479d564a32b7fcf9c53d09655e,rare-jay-918,LOCAL,runnables/train_rmsn.py,Raytrack,FINISHED,src.data.SyntheticVitalDatasetCollection,sliding_treatment,8000,,0,60,tumor_generator,3,1,5,100000,0.15,0.15,30,30,multilabel,512,15,1.0,exp,None,False,0.99,[0],True,100,http://127.0.0.1:5000,True,100000,True,False,None,,,,,,,,,,,,,,,,,,,,,,,,,,,,,,,,,10,11,1,1,1,1,12,src.models.rmsn.RMSNEncoder,128,,0.2,,None,2.0,1,0.01,False,adam,0.0,None,,16,False,50,,,,,,,,,,,,,,,,,,,,RMSN,src.models.rmsn.RMSNPropensityNetworkHistory,64,0.2,None,1.0,1,0.01,False,adam,0.0,None,16,False,50,src.models.rmsn.RMSNPropensityNetworkTreatment,128,0.2,None,2.0,1,0.01,False,adam,0.0,None,6,False,50,False,,,,,,,,,,0.019148249179124832,11.304472310662472,10.029403695907577,NaN,,,,,,,,6.768242166192182,NaN,99,,,,0.14853104948997498,0.7302029422138252,NaN,0.6198369110500357,NaN,0.375613808631897,0.586235308046732,NaN,0.6824403191314604,NaN
2024-05-14 16:56:16,15.8min,a8ffc87194b84591a8fcda52272815fa,receptive-slug-757,LOCAL,runnables/train_rmsn.py,Raytrack,FINISHED,src.data.SyntheticVitalDatasetCollection,sliding_treatment,8000,,0,60,tumor_generator,3,1,5,10000,0.15,0.15,30,30,multilabel,512,15,1.0,exp,None,False,0.99,[0],True,100,http://127.0.0.1:5000,True,10000,True,False,None,,,,,,,,,,,,,,,,,,,,,,,,,,,,,,,,,10,11,1,1,1,1,12,src.models.rmsn.RMSNEncoder,128,,0.2,,None,2.0,1,0.01,False,adam,0.0,None,,16,False,50,,,,,,,,,,,,,,,,,,,,RMSN,src.models.rmsn.RMSNPropensityNetworkHistory,64,0.2,None,1.0,1,0.01,False,adam,0.0,None,16,False,50,src.models.rmsn.RMSNPropensityNetworkTreatment,128,0.2,None,2.0,1,0.01,False,adam,0.0,None,6,False,50,False,,,,,,,,,,0.013178308494389057,31.505878512144374,28.93045384317203,NaN,,,,,,,,13.48826096228756,NaN,99,,,,0.0867728441953659,0.592173083280364,NaN,0.660933652210764,NaN,0.20739001035690308,0.5510816782329755,NaN,0.6815210756602826,NaN
2024-05-14 16:39:39,15.8min,db7460f3b3354296a05e5c5b166eb54a,sneaky-cod-425,LOCAL,runnables/train_rmsn.py,Raytrack,FINISHED,src.data.SyntheticVitalDatasetCollection,sliding_treatment,8000,,0,60,tumor_generator,3,1,5,1000,0.15,0.15,30,30,multilabel,512,15,1.0,exp,None,False,0.99,[0],True,100,http://127.0.0.1:5000,True,1000,True,False,None,,,,,,,,,,,,,,,,,,,,,,,,,,,,,,,,,10,11,1,1,1,1,12,src.models.rmsn.RMSNEncoder,128,,0.2,,None,2.0,1,0.01,False,adam,0.0,None,,16,False,50,,,,,,,,,,,,,,,,,,,,RMSN,src.models.rmsn.RMSNPropensityNetworkHistory,64,0.2,None,1.0,1,0.01,False,adam,0.0,None,16,False,50,src.models.rmsn.RMSNPropensityNetworkTreatment,128,0.2,None,2.0,1,0.01,False,adam,0.0,None,6,False,50,False,,,,,,,,,,0.04457984119653702,23.922625160152602,21.695754371798976,NaN,,,,,,,,8.067202750570504,NaN,99,,,,0.16266418993473053,0.6404067696328004,NaN,0.6634480227147627,NaN,0.3116131126880646,0.5783286091697084,NaN,0.6915329551514734,NaN
2024-05-14 16:23:06,15.7min,97e050fe0aae4caea3419c56b6b8801d,capable-stoat-506,LOCAL,runnables/train_rmsn.py,Raytrack,FINISHED,src.data.SyntheticVitalDatasetCollection,sliding_treatment,8000,,0,60,tumor_generator,3,1,5,100,0.15,0.15,30,30,multilabel,512,15,1.0,exp,None,False,0.99,[0],True,100,http://127.0.0.1:5000,True,100,True,False,None,,,,,,,,,,,,,,,,,,,,,,,,,,,,,,,,,10,11,1,1,1,1,12,src.models.rmsn.RMSNEncoder,128,,0.2,,None,2.0,1,0.01,False,adam,0.0,None,,16,False,50,,,,,,,,,,,,,,,,,,,,RMSN,src.models.rmsn.RMSNPropensityNetworkHistory,64,0.2,None,1.0,1,0.01,False,adam,0.0,None,16,False,50,src.models.rmsn.RMSNPropensityNetworkTreatment,128,0.2,None,2.0,1,0.01,False,adam,0.0,None,6,False,50,False,,,,,,,,,,0.013886564411222935,17.849043989747532,14.043460453314314,NaN,,,,,,,,10.090898888726558,NaN,99,,,,0.07809072732925415,0.800236008484911,NaN,0.5238132620771522,NaN,0.31249335408210754,0.5908390799287119,NaN,0.5865168148025194,NaN
2024-05-14 16:06:24,15.8min,71b733d5c52a49e0b78842dd85430df1,chill-bass-608,LOCAL,runnables/train_rmsn.py,Raytrack,FINISHED,src.data.SyntheticVitalDatasetCollection,sliding_treatment,8000,,0,60,tumor_generator,3,1,5,10,0.15,0.15,30,30,multilabel,512,15,1.0,exp,None,False,0.99,[0],True,100,http://127.0.0.1:5000,True,10,True,False,None,,,,,,,,,,,,,,,,,,,,,,,,,,,,,,,,,10,11,1,1,1,1,12,src.models.rmsn.RMSNEncoder,128,,0.2,,None,2.0,1,0.01,False,adam,0.0,None,,16,False,50,,,,,,,,,,,,,,,,,,,,RMSN,src.models.rmsn.RMSNPropensityNetworkHistory,64,0.2,None,1.0,1,0.01,False,adam,0.0,None,16,False,50,src.models.rmsn.RMSNPropensityNetworkTreatment,128,0.2,None,2.0,1,0.01,False,adam,0.0,None,6,False,50,False,,,,,,,,,,0.022543303668498993,28.793598243859336,26.10556811865774,NaN,,,,,,,,9.44168295788606,NaN,99,,,,0.03010936640202999,1.0843483921172459,NaN,0.4384105805812472,NaN,0.09594129025936127,0.6059835268584077,NaN,0.44802587930210064,NaN
2024-05-13 23:46:24,2.0h,1b5d4e80f0ff414f850123ca08690290,sneaky-stoat-696,LOCAL,runnables/train_coso.py,Raytrack,FINISHED,src.data.SyntheticVitalDatasetCollection,sliding_treatment,8000,,0,60,tumor_generator,3,1,5,100000,0.15,0.15,30,30,multiclass,512,15,0.01,exp,domain_confusion,False,0.99,[0],True,150,http://127.0.0.1:5000,True,100000,True,True,True,src.models.coso.COSO,32,3,0.4,6,None,1,0.0001,False,adam,0.0,None,0.6,128,False,1,src.models.coso.CRNDecoder,1024,18,0.1,18,None,1,0.01,False,adam,0.0,None,None,3,False,30,12,11,1,1,1,1,12,src.models.coso.CRNEncoder,64,16,0.3,32,None,,1,0.01,False,adam,0.0,None,None,60,False,50,,,,,,,,,,,,,,,,,,,,COSO,,,,,,,,,,,,,,,,,,,,,,,,,,,,,False,-1.9450409412384033,,,,,,,,0.009999035857617855,,10.494934832952593,8.047227024005835,NaN,0,0,0.012623530812561512,0.012623530812561512,0,0.01509641483426094,0.01509641483426094,4.745863054216237,NaN,99,,,,,,,,,,,,,
2024-05-13 21:49:30,1.9h,931ab89b5d1b47d5ac862d371ecdda88,legendary-finch-315,LOCAL,runnables/train_coso.py,Raytrack,FINISHED,src.data.SyntheticVitalDatasetCollection,sliding_treatment,8000,,0,60,tumor_generator,3,1,5,10000,0.15,0.15,30,30,multiclass,512,15,0.01,exp,domain_confusion,False,0.99,[0],True,150,http://127.0.0.1:5000,True,10000,True,True,True,src.models.coso.COSO,32,3,0.4,6,None,1,0.0001,False,adam,0.0,None,0.6,128,False,1,src.models.coso.CRNDecoder,1024,18,0.1,18,None,1,0.01,False,adam,0.0,None,None,3,False,30,12,11,1,1,1,1,12,src.models.coso.CRNEncoder,64,16,0.3,32,None,,1,0.01,False,adam,0.0,None,None,60,False,50,,,,,,,,,,,,,,,,,,,,COSO,,,,,,,,,,,,,,,,,,,,,,,,,,,,,False,-1.4352320432662964,,,,,,,,0.009999035857617855,,33.02451163683119,33.598793312812994,NaN,0,0,0.01159395556896925,0.01159395556896925,0,0.012951206415891647,0.012951206415891647,3.9507592613319042,NaN,99,,,,,,,,,,,,,
2024-05-13 19:56:21,1.9h,83782ad0035648abb4805a74f99f51b0,bold-shad-932,LOCAL,runnables/train_coso.py,Raytrack,FINISHED,src.data.SyntheticVitalDatasetCollection,sliding_treatment,8000,,0,60,tumor_generator,3,1,5,1000,0.15,0.15,30,30,multiclass,512,15,0.01,exp,domain_confusion,False,0.99,[0],True,150,http://127.0.0.1:5000,True,1000,True,True,True,src.models.coso.COSO,32,3,0.4,6,None,1,0.0001,False,adam,0.0,None,0.6,128,False,1,src.models.coso.CRNDecoder,1024,18,0.1,18,None,1,0.01,False,adam,0.0,None,None,3,False,30,12,11,1,1,1,1,12,src.models.coso.CRNEncoder,64,16,0.3,32,None,,1,0.01,False,adam,0.0,None,None,60,False,50,,,,,,,,,,,,,,,,,,,,COSO,,,,,,,,,,,,,,,,,,,,,,,,,,,,,False,-1.6153991222381592,,,,,,,,0.009999035857617855,,17.078657024320936,15.256812609992053,NaN,0,0,0.018188679590821266,0.018188679590821266,0,0.024344047531485558,0.024344047531485558,4.5647788935073255,NaN,99,,,,,,,,,,,,,
2024-05-13 16:56:09,2.0h,ff90f767c8c147a699aa600b80ba72cd,unruly-squirrel-830,LOCAL,runnables/train_coso.py,Raytrack,FINISHED,src.data.SyntheticVitalDatasetCollection,sliding_treatment,8000,,0,60,tumor_generator,3,1,5,100,0.15,0.15,30,30,multiclass,512,15,0.01,exp,domain_confusion,False,0.99,[0],True,150,http://127.0.0.1:5000,True,100,True,True,True,src.models.coso.COSO,32,3,0.4,6,None,1,0.0001,False,adam,0.0,None,0.6,128,False,1,src.models.coso.CRNDecoder,1024,18,0.1,18,None,1,0.01,False,adam,0.0,None,None,3,False,30,12,11,1,1,1,1,12,src.models.coso.CRNEncoder,64,16,0.3,32,None,,1,0.01,False,adam,0.0,None,None,60,False,50,,,,,,,,,,,,,,,,,,,,COSO,,,,,,,,,,,,,,,,,,,,,,,,,,,,,False,-1.7624750137329102,,,,,,,,0.009999035857617855,,14.17265596103398,12.108797688649418,NaN,0,0,0.007033283822238445,0.007033283822238445,0,0.016108941286802292,0.016108941286802292,6.1176760361784766,NaN,99,,,,,,,,,,,,,
2024-05-13 15:09:38,1.8h,43e12d7d19e44baa9a574e5b0a0fee80,upbeat-toad-92,LOCAL,runnables/train_coso.py,Raytrack,FINISHED,src.data.SyntheticVitalDatasetCollection,sliding_treatment,8000,,0,60,tumor_generator,3,1,5,10,0.15,0.15,30,30,multiclass,512,15,0.01,exp,domain_confusion,False,0.99,[0],True,150,http://127.0.0.1:5000,True,10,True,True,True,src.models.coso.COSO,32,3,0.4,6,None,1,0.0001,False,adam,0.0,None,0.6,128,False,1,src.models.coso.CRNDecoder,1024,18,0.1,18,None,1,0.01,False,adam,0.0,None,None,3,False,30,12,11,1,1,1,1,12,src.models.coso.CRNEncoder,64,16,0.3,32,None,,1,0.01,False,adam,0.0,None,None,60,False,50,,,,,,,,,,,,,,,,,,,,COSO,,,,,,,,,,,,,,,,,,,,,,,,,,,,,False,-1.7838876247406006,,,,,,,,0.009999035857617855,,22.569270391480842,18.3078972880012,NaN,0,0,0.011659118346869946,0.011659118346869946,0,0.010092450305819511,0.010092450305819511,3.9484015712397915,NaN,99,,,,,,,,,,,,,
2024-05-12 01:04:13,20.9min,14e2fab6e1b048a6af71d76ea9a653c2,zealous-auk-462,LOCAL,runnables/train_enc_dec.py,Raytrack,FINISHED,src.data.SyntheticVitalDatasetCollection,sliding_treatment,8000,,0,60,tumor_generator,3,1,5,100000,0.15,0.15,30,30,multiclass,512,15,0.01,exp,domain_confusion,False,0.99,[0],True,150,http://127.0.0.1:5000,True,100000,True,True,True,,,,,,,,,,,,,,,,,,,,,,,,,,,,,,,,,21,11,1,1,1,1,12,src.models.crn.CRNEncoder,64,16,0.3,32,None,,1,0.01,False,adam,0.0,None,,60,False,50,,,,,,,,,,,,,,,,,,,,CRN,,,,,,,,,,,,,,,,,,,,,,,,,,,,,False,,,,,,,,,0.009999035857617855,,9.988527512492237,6.645892464246904,NaN,0,0,0.008312331512570381,0.008312331512570381,0,0.007992402650415897,0.007992402650415897,3.4532856403571413,NaN,149,,,,,,,,,,,,,
2024-05-12 00:41:47,21.7min,995abfa0228744c290119f54de0ecf37,vaunted-gull-103,LOCAL,runnables/train_enc_dec.py,Raytrack,FINISHED,src.data.SyntheticVitalDatasetCollection,sliding_treatment,8000,,0,60,tumor_generator,3,1,5,10000,0.15,0.15,30,30,multiclass,512,15,0.01,exp,domain_confusion,False,0.99,[0],True,150,http://127.0.0.1:5000,True,10000,True,True,True,,,,,,,,,,,,,,,,,,,,,,,,,,,,,,,,,21,11,1,1,1,1,12,src.models.crn.CRNEncoder,64,16,0.3,32,None,,1,0.01,False,adam,0.0,None,,60,False,50,,,,,,,,,,,,,,,,,,,,CRN,,,,,,,,,,,,,,,,,,,,,,,,,,,,,False,,,,,,,,,0.009999035857617855,,20.489927889422777,15.76884634389164,NaN,0,0,0.00976328831166029,0.00976328831166029,0,0.015776026993989944,0.015776026993989944,4.360342962722638,NaN,149,,,,,,,,,,,,,
2024-05-12 00:19:05,21.9min,fb37d8dc9d654cba8e09f6ad054995df,awesome-cod-286,LOCAL,runnables/train_enc_dec.py,Raytrack,FINISHED,src.data.SyntheticVitalDatasetCollection,sliding_treatment,8000,,0,60,tumor_generator,3,1,5,1000,0.15,0.15,30,30,multiclass,512,15,0.01,exp,domain_confusion,False,0.99,[0],True,150,http://127.0.0.1:5000,True,1000,True,True,True,,,,,,,,,,,,,,,,,,,,,,,,,,,,,,,,,21,11,1,1,1,1,12,src.models.crn.CRNEncoder,64,16,0.3,32,None,,1,0.01,False,adam,0.0,None,,60,False,50,,,,,,,,,,,,,,,,,,,,CRN,,,,,,,,,,,,,,,,,,,,,,,,,,,,,False,,,,,,,,,0.009999035857617855,,19.367618180438736,17.660514084931798,NaN,0,0,0.016111277043819427,0.016111277043819427,0,0.02298811823129654,0.02298811823129654,4.435665362530094,NaN,149,,,,,,,,,,,,,
2024-05-11 23:56:27,21.8min,3723ddf82c7e4a979f2641cadcd8af15,clumsy-snipe-117,LOCAL,runnables/train_enc_dec.py,Raytrack,FINISHED,src.data.SyntheticVitalDatasetCollection,sliding_treatment,8000,,0,60,tumor_generator,3,1,5,100,0.15,0.15,30,30,multiclass,512,15,0.01,exp,domain_confusion,False,0.99,[0],True,150,http://127.0.0.1:5000,True,100,True,True,True,,,,,,,,,,,,,,,,,,,,,,,,,,,,,,,,,21,11,1,1,1,1,12,src.models.crn.CRNEncoder,64,16,0.3,32,None,,1,0.01,False,adam,0.0,None,,60,False,50,,,,,,,,,,,,,,,,,,,,CRN,,,,,,,,,,,,,,,,,,,,,,,,,,,,,False,,,,,,,,,0.009999035857617855,,20.725382908867317,15.925848212288052,NaN,0,0,0.005451856181025505,0.005451856181025505,0,0.03809263929724693,0.03809263929724693,9.407062031042814,NaN,149,,,,,,,,,,,,,
2024-05-11 23:33:52,21.8min,95afabe6fa274496bb8adebfeb9b3f6d,classy-sponge-767,LOCAL,runnables/train_enc_dec.py,Raytrack,FINISHED,src.data.SyntheticVitalDatasetCollection,sliding_treatment,8000,,0,60,tumor_generator,3,1,5,10,0.15,0.15,30,30,multiclass,512,15,0.01,exp,domain_confusion,False,0.99,[0],True,150,http://127.0.0.1:5000,True,10,True,True,True,,,,,,,,,,,,,,,,,,,,,,,,,,,,,,,,,21,11,1,1,1,1,12,src.models.crn.CRNEncoder,64,16,0.3,32,None,,1,0.01,False,adam,0.0,None,,60,False,50,,,,,,,,,,,,,,,,,,,,CRN,,,,,,,,,,,,,,,,,,,,,,,,,,,,,False,,,,,,,,,0.009999035857617855,,26.117881823188483,22.031836939169498,NaN,0,0,0.009318944066762924,0.009318944066762924,0,0.02270445227622986,0.02270445227622986,5.922490234902297,NaN,149,,,,,,,,,,,,,
2024-05-11 17:46:37,24.7min,d5004c43e38544f19388301443963861,treasured-doe-412,LOCAL,runnables/train_gnet.py,Raytrack,FINISHED,src.data.SyntheticVitalDatasetCollection,sliding_treatment,8000,0.1,0,60,tumor_generator,3,1,5,100000,0.15,0.15,30,30,multiclass,4096,15,1.0,exp,grad_reverse,False,0.99,[0],True,100,http://127.0.0.1:5000,True,100000,True,False,False,,,,,,,,,,,,,,,,,,,,,,,,,,,,,,,,,21,11,1,1,1,1,12,,,,,,,,,,,,,,,,,,src.models.gnet.GNet,64,[13],0.2,40,True,None,50,1,1,0.01,False,adam,0.0,2,None,48,False,50,G-Net,,,,,,,,,,,,,,,,,,,,,,,,,,,,,,,17.69395585401982,17.612332532847983,17.5655464852411,17.25394569884094,18.096364489888398,3.3481692761368156,NaN,,,9.997374816906968,6.905391667807844,NaN,,,,,,,,3.3481692761368156,NaN,99,0.10177233070135117,0.013971622101962566,0.08780071884393692,,,,,,,,,,
2024-05-11 17:20:57,24.8min,0680554e05f747dc832b652938f3918e,agreeable-cub-277,LOCAL,runnables/train_gnet.py,Raytrack,FINISHED,src.data.SyntheticVitalDatasetCollection,sliding_treatment,8000,0.1,0,60,tumor_generator,3,1,5,10000,0.15,0.15,30,30,multiclass,4096,15,1.0,exp,grad_reverse,False,0.99,[0],True,100,http://127.0.0.1:5000,True,10000,True,False,False,,,,,,,,,,,,,,,,,,,,,,,,,,,,,,,,,21,11,1,1,1,1,12,,,,,,,,,,,,,,,,,,src.models.gnet.GNet,64,[13],0.2,40,True,None,50,1,1,0.01,False,adam,0.0,2,None,48,False,50,G-Net,,,,,,,,,,,,,,,,,,,,,,,,,,,,,,,16.124120749552752,16.009187977032973,16.66135772713849,15.450772339779768,14.643403749218278,3.2109111619580744,NaN,,,24.27052133887793,24.101144604708903,NaN,,,,,,,,3.2109111619580744,NaN,99,0.1008818969130516,0.017005322501063347,0.08387657254934311,,,,,,,,,,
2024-05-11 16:55:03,25.0min,db98780ce3cc4d08a9dec1b2b77b7076,lyrical-shoat-450,LOCAL,runnables/train_gnet.py,Raytrack,FINISHED,src.data.SyntheticVitalDatasetCollection,sliding_treatment,8000,0.1,0,60,tumor_generator,3,1,5,1000,0.15,0.15,30,30,multiclass,4096,15,1.0,exp,grad_reverse,False,0.99,[0],True,100,http://127.0.0.1:5000,True,1000,True,False,False,,,,,,,,,,,,,,,,,,,,,,,,,,,,,,,,,21,11,1,1,1,1,12,,,,,,,,,,,,,,,,,,src.models.gnet.GNet,64,[13],0.2,40,True,None,50,1,1,0.01,False,adam,0.0,2,None,48,False,50,G-Net,,,,,,,,,,,,,,,,,,,,,,,,,,,,,,,13.891739643308293,12.827357359915961,11.753306743137502,11.30665968722486,11.505791058588168,3.7262401081029113,NaN,,,19.647261722576484,19.224190997695754,NaN,,,,,,,,3.7262401081029113,NaN,99,0.10034334659576416,0.021817481145262718,0.0785258561372757,,,,,,,,,,
2024-05-11 16:28:26,25.7min,bfc661e5826d47928cfbddbfc49511a2,ambitious-hare-926,LOCAL,runnables/train_gnet.py,Raytrack,FINISHED,src.data.SyntheticVitalDatasetCollection,sliding_treatment,8000,0.1,0,60,tumor_generator,3,1,5,100,0.15,0.15,30,30,multiclass,4096,15,1.0,exp,grad_reverse,False,0.99,[0],True,100,http://127.0.0.1:5000,True,100,True,False,False,,,,,,,,,,,,,,,,,,,,,,,,,,,,,,,,,21,11,1,1,1,1,12,,,,,,,,,,,,,,,,,,src.models.gnet.GNet,64,[13],0.2,40,True,None,50,1,1,0.01,False,adam,0.0,2,None,48,False,50,G-Net,,,,,,,,,,,,,,,,,,,,,,,,,,,,,,,18.38398507453366,18.976263909068354,20.509428168035168,20.123384569424392,22.62131542545052,3.93005697301067,NaN,,,23.38750095122651,19.86070231030273,NaN,,,,,,,,3.93005697301067,NaN,99,0.0955207571387291,0.012657620012760162,0.08286313712596893,,,,,,,,,,
2024-05-11 16:02:22,25.2min,e15d558fec164b2887cc5a7703e991e1,sneaky-whale-292,LOCAL,runnables/train_gnet.py,Raytrack,FINISHED,src.data.SyntheticVitalDatasetCollection,sliding_treatment,8000,0.1,0,60,tumor_generator,3,1,5,10,0.15,0.15,30,30,multiclass,4096,15,1.0,exp,grad_reverse,False,0.99,[0],True,100,http://127.0.0.1:5000,True,10,True,False,False,,,,,,,,,,,,,,,,,,,,,,,,,,,,,,,,,21,11,1,1,1,1,12,,,,,,,,,,,,,,,,,,src.models.gnet.GNet,64,[13],0.2,40,True,None,50,1,1,0.01,False,adam,0.0,2,None,48,False,50,G-Net,,,,,,,,,,,,,,,,,,,,,,,,,,,,,,,18.75546215610765,21.41862041134831,24.10562367192375,27.70799275462661,29.148002713164807,4.127684669970452,NaN,,,26.263650646272634,26.025588930273603,NaN,,,,,,,,4.127684669970452,NaN,99,0.09623420238494873,0.015255353413522243,0.08097884804010391,,,,,,,,,,
2024-05-14 15:53:30,12.1min,9e7ecd26083c4580857b97bce6447444,aged-conch-888,LOCAL,runnables/train_rmsn.py,Raytrack,FINISHED,src.data.SyntheticVitalDatasetCollection,sliding_treatment,6000,,0,60,tumor_generator,3,1,5,100000,0.15,0.15,30,30,multilabel,512,15,1.0,exp,None,False,0.99,[0],True,100,http://127.0.0.1:5000,True,100000,True,False,None,,,,,,,,,,,,,,,,,,,,,,,,,,,,,,,,,10,11,1,1,1,1,12,src.models.rmsn.RMSNEncoder,128,,0.2,,None,2.0,1,0.01,False,adam,0.0,None,,16,False,50,,,,,,,,,,,,,,,,,,,,RMSN,src.models.rmsn.RMSNPropensityNetworkHistory,64,0.2,None,1.0,1,0.01,False,adam,0.0,None,16,False,50,src.models.rmsn.RMSNPropensityNetworkTreatment,128,0.2,None,2.0,1,0.01,False,adam,0.0,None,6,False,50,False,,,,,,,,,,0.018070315942168236,14.877712542993503,14.087901617423093,NaN,,,,,,,,7.69247881179352,NaN,99,,,,0.15117672085762024,0.7069283293042188,NaN,0.6192957344652329,NaN,0.37974363565444946,0.5671728179817083,NaN,0.6837445289516708,NaN
2024-05-14 15:40:41,12.1min,a6e743a5de6c420883631bf23d0f3688,bright-cow-649,LOCAL,runnables/train_rmsn.py,Raytrack,FINISHED,src.data.SyntheticVitalDatasetCollection,sliding_treatment,6000,,0,60,tumor_generator,3,1,5,10000,0.15,0.15,30,30,multilabel,512,15,1.0,exp,None,False,0.99,[0],True,100,http://127.0.0.1:5000,True,10000,True,False,None,,,,,,,,,,,,,,,,,,,,,,,,,,,,,,,,,10,11,1,1,1,1,12,src.models.rmsn.RMSNEncoder,128,,0.2,,None,2.0,1,0.01,False,adam,0.0,None,,16,False,50,,,,,,,,,,,,,,,,,,,,RMSN,src.models.rmsn.RMSNPropensityNetworkHistory,64,0.2,None,1.0,1,0.01,False,adam,0.0,None,16,False,50,src.models.rmsn.RMSNPropensityNetworkTreatment,128,0.2,None,2.0,1,0.01,False,adam,0.0,None,6,False,50,False,,,,,,,,,,0.010568954981863499,30.427552739665163,29.152776660256087,NaN,,,,,,,,9.979598813566922,NaN,99,,,,0.08946826308965683,0.6171804060189179,NaN,0.6606355941252864,NaN,0.21086619794368744,0.5466792188136274,NaN,0.6830677462507304,NaN
2024-05-14 15:28:09,11.9min,8104252eaaef40759eb6da7205f4847a,unequaled-bear-48,LOCAL,runnables/train_rmsn.py,Raytrack,FINISHED,src.data.SyntheticVitalDatasetCollection,sliding_treatment,6000,,0,60,tumor_generator,3,1,5,1000,0.15,0.15,30,30,multilabel,512,15,1.0,exp,None,False,0.99,[0],True,100,http://127.0.0.1:5000,True,1000,True,False,None,,,,,,,,,,,,,,,,,,,,,,,,,,,,,,,,,10,11,1,1,1,1,12,src.models.rmsn.RMSNEncoder,128,,0.2,,None,2.0,1,0.01,False,adam,0.0,None,,16,False,50,,,,,,,,,,,,,,,,,,,,RMSN,src.models.rmsn.RMSNPropensityNetworkHistory,64,0.2,None,1.0,1,0.01,False,adam,0.0,None,16,False,50,src.models.rmsn.RMSNPropensityNetworkTreatment,128,0.2,None,2.0,1,0.01,False,adam,0.0,None,6,False,50,False,,,,,,,,,,0.049916770309209824,34.589514186730526,32.42548620714075,NaN,,,,,,,,11.437038692727864,NaN,99,,,,0.16431443393230438,0.6484622497969202,NaN,0.6669262787396947,NaN,0.31183069944381714,0.570135045753149,NaN,0.6851353788028456,NaN
2024-05-14 15:15:57,11.5min,9d013b0e6f1c45d9a000918663d0e96c,dapper-vole-345,LOCAL,runnables/train_rmsn.py,Raytrack,FINISHED,src.data.SyntheticVitalDatasetCollection,sliding_treatment,6000,,0,60,tumor_generator,3,1,5,100,0.15,0.15,30,30,multilabel,512,15,1.0,exp,None,False,0.99,[0],True,100,http://127.0.0.1:5000,True,100,True,False,None,,,,,,,,,,,,,,,,,,,,,,,,,,,,,,,,,10,11,1,1,1,1,12,src.models.rmsn.RMSNEncoder,128,,0.2,,None,2.0,1,0.01,False,adam,0.0,None,,16,False,50,,,,,,,,,,,,,,,,,,,,RMSN,src.models.rmsn.RMSNPropensityNetworkHistory,64,0.2,None,1.0,1,0.01,False,adam,0.0,None,16,False,50,src.models.rmsn.RMSNPropensityNetworkTreatment,128,0.2,None,2.0,1,0.01,False,adam,0.0,None,6,False,50,False,,,,,,,,,,0.01241297461092472,13.860804752612522,11.890825756363686,NaN,,,,,,,,13.353990505862132,NaN,99,,,,0.07768626511096954,0.7869876770209756,NaN,0.5213407068608333,NaN,0.2987740635871887,0.6070688032879723,NaN,0.5835009476209436,NaN
2024-05-14 15:03:44,11.6min,83cd15a2c7404ee38c033e538b988234,whimsical-pug-106,LOCAL,runnables/train_rmsn.py,Raytrack,FINISHED,src.data.SyntheticVitalDatasetCollection,sliding_treatment,6000,,0,60,tumor_generator,3,1,5,10,0.15,0.15,30,30,multilabel,512,15,1.0,exp,None,False,0.99,[0],True,100,http://127.0.0.1:5000,True,10,True,False,None,,,,,,,,,,,,,,,,,,,,,,,,,,,,,,,,,10,11,1,1,1,1,12,src.models.rmsn.RMSNEncoder,128,,0.2,,None,2.0,1,0.01,False,adam,0.0,None,,16,False,50,,,,,,,,,,,,,,,,,,,,RMSN,src.models.rmsn.RMSNPropensityNetworkHistory,64,0.2,None,1.0,1,0.01,False,adam,0.0,None,16,False,50,src.models.rmsn.RMSNPropensityNetworkTreatment,128,0.2,None,2.0,1,0.01,False,adam,0.0,None,6,False,50,False,,,,,,,,,,0.031107977032661438,29.35381552952052,28.0948538514602,NaN,,,,,,,,8.652091381074154,NaN,99,,,,0.029699241742491722,1.1018377130398087,NaN,0.444771043758077,NaN,0.10047288239002228,0.6057453593577187,NaN,0.4569373818138455,NaN
2024-05-13 13:53:12,1.3h,803f08f0fc4141389ca31c10a2c5938f,redolent-lynx-469,LOCAL,runnables/train_coso.py,Raytrack,FINISHED,src.data.SyntheticVitalDatasetCollection,sliding_treatment,6000,,0,60,tumor_generator,3,1,5,100000,0.15,0.15,30,30,multiclass,512,15,0.01,exp,domain_confusion,False,0.99,[0],True,150,http://127.0.0.1:5000,True,100000,True,True,True,src.models.coso.COSO,32,3,0.4,6,None,1,0.0001,False,adam,0.0,None,0.6,128,False,1,src.models.coso.CRNDecoder,1024,18,0.1,18,None,1,0.01,False,adam,0.0,None,None,3,False,30,12,11,1,1,1,1,12,src.models.coso.CRNEncoder,64,16,0.3,32,None,,1,0.01,False,adam,0.0,None,None,60,False,50,,,,,,,,,,,,,,,,,,,,COSO,,,,,,,,,,,,,,,,,,,,,,,,,,,,,False,-1.8766080141067505,,,,,,,,0.00999903492629528,,10.436616037029028,10.040813592001424,NaN,0,0,0.013250390999019146,0.013250390999019146,0,0.010133380070328712,0.010133380070328712,3.8819354482759008,NaN,99,,,,,,,,,,,,,
2024-05-12 13:53:58,1.3h,e44b2e9ed15a436ca8637b2f323c8cd5,receptive-ox-374,LOCAL,runnables/train_coso.py,Raytrack,FINISHED,src.data.SyntheticVitalDatasetCollection,sliding_treatment,6000,,0,60,tumor_generator,3,1,5,10000,0.15,0.15,30,30,multiclass,512,15,0.01,exp,domain_confusion,False,0.99,[0],True,150,http://127.0.0.1:5000,True,10000,True,True,True,src.models.coso.COSO,32,3,0.4,6,None,1,0.0001,False,adam,0.0,None,0.6,128,False,1,src.models.coso.CRNDecoder,1024,18,0.1,18,None,1,0.01,False,adam,0.0,None,None,3,False,30,12,11,1,1,1,1,12,src.models.coso.CRNEncoder,64,16,0.3,32,None,,1,0.01,False,adam,0.0,None,None,60,False,50,,,,,,,,,,,,,,,,,,,,COSO,,,,,,,,,,,,,,,,,,,,,,,,,,,,,False,-1.39495849609375,,,,,,,,0.00999903492629528,,30.234906234423338,30.113105112769844,NaN,0,0,0.012579750269651413,0.012579750269651413,0,0.013982262462377548,0.013982262462377548,4.115924085318875,NaN,99,,,,,,,,,,,,,
2024-05-12 12:36:05,1.3h,9d7fb541379d45ad8c2e44ce267450a7,abundant-bug-41,LOCAL,runnables/train_coso.py,Raytrack,FINISHED,src.data.SyntheticVitalDatasetCollection,sliding_treatment,6000,,0,60,tumor_generator,3,1,5,1000,0.15,0.15,30,30,multiclass,512,15,0.01,exp,domain_confusion,False,0.99,[0],True,150,http://127.0.0.1:5000,True,1000,True,True,True,src.models.coso.COSO,32,3,0.4,6,None,1,0.0001,False,adam,0.0,None,0.6,128,False,1,src.models.coso.CRNDecoder,1024,18,0.1,18,None,1,0.01,False,adam,0.0,None,None,3,False,30,12,11,1,1,1,1,12,src.models.coso.CRNEncoder,64,16,0.3,32,None,,1,0.01,False,adam,0.0,None,None,60,False,50,,,,,,,,,,,,,,,,,,,,COSO,,,,,,,,,,,,,,,,,,,,,,,,,,,,,False,-1.4887503385543823,,,,,,,,0.00999903492629528,,16.871676439101346,15.639028397155288,NaN,0,0,0.020598052069544792,0.020598052069544792,0,0.02111002430319786,0.02111002430319786,4.250365821482825,NaN,99,,,,,,,,,,,,,
2024-05-12 11:19:09,1.3h,d7017d5fa25044c18487a78be9eb0e83,classy-hog-32,LOCAL,runnables/train_coso.py,Raytrack,FINISHED,src.data.SyntheticVitalDatasetCollection,sliding_treatment,6000,,0,60,tumor_generator,3,1,5,100,0.15,0.15,30,30,multiclass,512,15,0.01,exp,domain_confusion,False,0.99,[0],True,150,http://127.0.0.1:5000,True,100,True,True,True,src.models.coso.COSO,32,3,0.4,6,None,1,0.0001,False,adam,0.0,None,0.6,128,False,1,src.models.coso.CRNDecoder,1024,18,0.1,18,None,1,0.01,False,adam,0.0,None,None,3,False,30,12,11,1,1,1,1,12,src.models.coso.CRNEncoder,64,16,0.3,32,None,,1,0.01,False,adam,0.0,None,None,60,False,50,,,,,,,,,,,,,,,,,,,,COSO,,,,,,,,,,,,,,,,,,,,,,,,,,,,,False,-1.7180519104003906,,,,,,,,0.00999903492629528,,11.760404321207591,9.66482119645738,NaN,0,0,0.007254232186824083,0.007254232186824083,0,0.006445847451686859,0.006445847451686859,3.8658145649499644,NaN,99,,,,,,,,,,,,,
2024-05-12 10:02:44,1.3h,0c691a3e7c57490a9ce0c25974d991e5,gaudy-sloth-790,LOCAL,runnables/train_coso.py,Raytrack,FINISHED,src.data.SyntheticVitalDatasetCollection,sliding_treatment,6000,,0,60,tumor_generator,3,1,5,10,0.15,0.15,30,30,multiclass,512,15,0.01,exp,domain_confusion,False,0.99,[0],True,150,http://127.0.0.1:5000,True,10,True,True,True,src.models.coso.COSO,32,3,0.4,6,None,1,0.0001,False,adam,0.0,None,0.6,128,False,1,src.models.coso.CRNDecoder,1024,18,0.1,18,None,1,0.01,False,adam,0.0,None,None,3,False,30,12,11,1,1,1,1,12,src.models.coso.CRNEncoder,64,16,0.3,32,None,,1,0.01,False,adam,0.0,None,None,60,False,50,,,,,,,,,,,,,,,,,,,,COSO,,,,,,,,,,,,,,,,,,,,,,,,,,,,,False,-1.721746802330017,,,,,,,,0.00999903492629528,,27.259499721151297,26.789480817455885,NaN,0,0,0.013570085167884827,0.013570085167884827,0,0.008393357507884502,0.008393357507884502,3.593816880077859,NaN,99,,,,,,,,,,,,,
2024-05-11 23:16:42,16.4min,e17054562ed642d6b9dada7ad2feacb3,bouncy-asp-184,LOCAL,runnables/train_enc_dec.py,Raytrack,FINISHED,src.data.SyntheticVitalDatasetCollection,sliding_treatment,6000,,0,60,tumor_generator,3,1,5,100000,0.15,0.15,30,30,multiclass,512,15,0.01,exp,domain_confusion,False,0.99,[0],True,150,http://127.0.0.1:5000,True,100000,True,True,True,,,,,,,,,,,,,,,,,,,,,,,,,,,,,,,,,21,11,1,1,1,1,12,src.models.crn.CRNEncoder,64,16,0.3,32,None,,1,0.01,False,adam,0.0,None,,60,False,50,,,,,,,,,,,,,,,,,,,,CRN,,,,,,,,,,,,,,,,,,,,,,,,,,,,,False,,,,,,,,,0.00999903492629528,,8.836701833978774,5.107823680614875,NaN,0,0,0.009447215124964714,0.009447215124964714,0,0.006080974824726582,0.006080974824726582,3.0070281601251265,NaN,149,,,,,,,,,,,,,
2024-05-11 22:59:40,16.4min,57135d30773e4625b4ac8d328159f7b0,incongruous-carp-77,LOCAL,runnables/train_enc_dec.py,Raytrack,FINISHED,src.data.SyntheticVitalDatasetCollection,sliding_treatment,6000,,0,60,tumor_generator,3,1,5,10000,0.15,0.15,30,30,multiclass,512,15,0.01,exp,domain_confusion,False,0.99,[0],True,150,http://127.0.0.1:5000,True,10000,True,True,True,,,,,,,,,,,,,,,,,,,,,,,,,,,,,,,,,21,11,1,1,1,1,12,src.models.crn.CRNEncoder,64,16,0.3,32,None,,1,0.01,False,adam,0.0,None,,60,False,50,,,,,,,,,,,,,,,,,,,,CRN,,,,,,,,,,,,,,,,,,,,,,,,,,,,,False,,,,,,,,,0.00999903492629528,,20.55735853402669,16.463119682753334,NaN,0,0,0.0101088872179389,0.0101088872179389,0,0.012774195522069931,0.012774195522069931,3.934117616649007,NaN,149,,,,,,,,,,,,,
2024-05-11 22:42:38,16.4min,1d2bfa0ede39493eafbca37540f2b324,rambunctious-bee-584,LOCAL,runnables/train_enc_dec.py,Raytrack,FINISHED,src.data.SyntheticVitalDatasetCollection,sliding_treatment,6000,,0,60,tumor_generator,3,1,5,1000,0.15,0.15,30,30,multiclass,512,15,0.01,exp,domain_confusion,False,0.99,[0],True,150,http://127.0.0.1:5000,True,1000,True,True,True,,,,,,,,,,,,,,,,,,,,,,,,,,,,,,,,,21,11,1,1,1,1,12,src.models.crn.CRNEncoder,64,16,0.3,32,None,,1,0.01,False,adam,0.0,None,,60,False,50,,,,,,,,,,,,,,,,,,,,CRN,,,,,,,,,,,,,,,,,,,,,,,,,,,,,False,,,,,,,,,0.00999903492629528,,22.166611328544896,20.213594326950478,NaN,0,0,0.01692570559680462,0.01692570559680462,0,0.021069863811135292,0.021069863811135292,4.24633540877397,NaN,149,,,,,,,,,,,,,
2024-05-11 22:25:20,16.7min,9bdc109139004e60977ed3106b1a0e12,redolent-sloth-291,LOCAL,runnables/train_enc_dec.py,Raytrack,FINISHED,src.data.SyntheticVitalDatasetCollection,sliding_treatment,6000,,0,60,tumor_generator,3,1,5,100,0.15,0.15,30,30,multiclass,512,15,0.01,exp,domain_confusion,False,0.99,[0],True,150,http://127.0.0.1:5000,True,100,True,True,True,,,,,,,,,,,,,,,,,,,,,,,,,,,,,,,,,21,11,1,1,1,1,12,src.models.crn.CRNEncoder,64,16,0.3,32,None,,1,0.01,False,adam,0.0,None,,60,False,50,,,,,,,,,,,,,,,,,,,,CRN,,,,,,,,,,,,,,,,,,,,,,,,,,,,,False,,,,,,,,,0.00999903492629528,,18.8681698963154,13.293499313010807,NaN,0,0,0.006660382263362408,0.006660382263362408,0,0.006080059800297022,0.006080059800297022,3.7541328368066966,NaN,149,,,,,,,,,,,,,
2024-05-11 22:07:10,17.5min,0fc5f17b104248d493bbe1bc87c51fb2,sassy-shad-682,LOCAL,runnables/train_enc_dec.py,Raytrack,FINISHED,src.data.SyntheticVitalDatasetCollection,sliding_treatment,6000,,0,60,tumor_generator,3,1,5,10,0.15,0.15,30,30,multiclass,512,15,0.01,exp,domain_confusion,False,0.99,[0],True,150,http://127.0.0.1:5000,True,10,True,True,True,,,,,,,,,,,,,,,,,,,,,,,,,,,,,,,,,21,11,1,1,1,1,12,src.models.crn.CRNEncoder,64,16,0.3,32,None,,1,0.01,False,adam,0.0,None,,60,False,50,,,,,,,,,,,,,,,,,,,,CRN,,,,,,,,,,,,,,,,,,,,,,,,,,,,,False,,,,,,,,,0.00999903492629528,,26.419727613815063,24.745137013706735,NaN,0,0,0.010859533213078976,0.010859533213078976,0,0.008903712965548038,0.008903712965548038,3.701461905650976,NaN,149,,,,,,,,,,,,,
2024-05-11 15:41:14,20.2min,365a3ecf1a36470ea329a4a70c94cd6a,stylish-pug-161,LOCAL,runnables/train_gnet.py,Raytrack,FINISHED,src.data.SyntheticVitalDatasetCollection,sliding_treatment,6000,0.1,0,60,tumor_generator,3,1,5,100000,0.15,0.15,30,30,multiclass,4096,15,1.0,exp,grad_reverse,False,0.99,[0],True,100,http://127.0.0.1:5000,True,100000,True,False,False,,,,,,,,,,,,,,,,,,,,,,,,,,,,,,,,,21,11,1,1,1,1,12,,,,,,,,,,,,,,,,,,src.models.gnet.GNet,64,[13],0.2,40,True,None,50,1,1,0.01,False,adam,0.0,2,None,48,False,50,G-Net,,,,,,,,,,,,,,,,,,,,,,,,,,,,,,,18.189381383601553,18.84065063518324,18.57513050336877,18.54829992720233,19.452595647290842,3.4018501272037955,NaN,,,10.366230894547163,8.06376281737913,NaN,,,,,,,,3.4018501272037955,NaN,99,0.10413233190774918,0.01499661710113287,0.08913572132587433,,,,,,,,,,
2024-05-11 15:20:26,20.1min,c74ddaad6b9645c58c249a92ec59f9b8,rare-bee-119,LOCAL,runnables/train_gnet.py,Raytrack,FINISHED,src.data.SyntheticVitalDatasetCollection,sliding_treatment,6000,0.1,0,60,tumor_generator,3,1,5,10000,0.15,0.15,30,30,multiclass,4096,15,1.0,exp,grad_reverse,False,0.99,[0],True,100,http://127.0.0.1:5000,True,10000,True,False,False,,,,,,,,,,,,,,,,,,,,,,,,,,,,,,,,,21,11,1,1,1,1,12,,,,,,,,,,,,,,,,,,src.models.gnet.GNet,64,[13],0.2,40,True,None,50,1,1,0.01,False,adam,0.0,2,None,48,False,50,G-Net,,,,,,,,,,,,,,,,,,,,,,,,,,,,,,,16.605110096225953,16.355499822656473,16.936062213084497,15.684099973808937,14.823863721493643,3.330673889194303,NaN,,,23.960823833636503,22.185990220058102,NaN,,,,,,,,3.330673889194303,NaN,99,0.10287927091121674,0.017115632072091103,0.08576361835002899,,,,,,,,,,
2024-05-11 14:59:34,20.2min,289796374d50483e8e375dde08d8530a,invincible-sloth-132,LOCAL,runnables/train_gnet.py,Raytrack,FINISHED,src.data.SyntheticVitalDatasetCollection,sliding_treatment,6000,0.1,0,60,tumor_generator,3,1,5,1000,0.15,0.15,30,30,multiclass,4096,15,1.0,exp,grad_reverse,False,0.99,[0],True,100,http://127.0.0.1:5000,True,1000,True,False,False,,,,,,,,,,,,,,,,,,,,,,,,,,,,,,,,,21,11,1,1,1,1,12,,,,,,,,,,,,,,,,,,src.models.gnet.GNet,64,[13],0.2,40,True,None,50,1,1,0.01,False,adam,0.0,2,None,48,False,50,G-Net,,,,,,,,,,,,,,,,,,,,,,,,,,,,,,,13.62200524421997,12.491768546489816,11.772865405925218,11.346732745896341,11.384445183712028,3.5873665427429433,NaN,,,17.855293629983272,17.25211179531289,NaN,,,,,,,,3.5873665427429433,NaN,99,0.10192597657442093,0.022105073556303978,0.0798209011554718,,,,,,,,,,
2024-05-11 14:38:47,20.1min,ef4499e85549454987bfbeb7f1f36c84,efficient-wren-961,LOCAL,runnables/train_gnet.py,Raytrack,FINISHED,src.data.SyntheticVitalDatasetCollection,sliding_treatment,6000,0.1,0,60,tumor_generator,3,1,5,100,0.15,0.15,30,30,multiclass,4096,15,1.0,exp,grad_reverse,False,0.99,[0],True,100,http://127.0.0.1:5000,True,100,True,False,False,,,,,,,,,,,,,,,,,,,,,,,,,,,,,,,,,21,11,1,1,1,1,12,,,,,,,,,,,,,,,,,,src.models.gnet.GNet,64,[13],0.2,40,True,None,50,1,1,0.01,False,adam,0.0,2,None,48,False,50,G-Net,,,,,,,,,,,,,,,,,,,,,,,,,,,,,,,18.350341482042545,18.374965988318866,20.130886973592503,20.129640152058094,21.993718066992056,4.097942658446231,NaN,,,25.235386039316428,20.673631083197552,NaN,,,,,,,,4.097942658446231,NaN,99,0.09697332978248596,0.013301187194883823,0.08367214351892471,,,,,,,,,,
2024-05-11 14:18:00,20.1min,dc140bc904204ea9b186eee7b4924434,spiffy-crane-793,LOCAL,runnables/train_gnet.py,Raytrack,FINISHED,src.data.SyntheticVitalDatasetCollection,sliding_treatment,6000,0.1,0,60,tumor_generator,3,1,5,10,0.15,0.15,30,30,multiclass,4096,15,1.0,exp,grad_reverse,False,0.99,[0],True,100,http://127.0.0.1:5000,True,10,True,False,False,,,,,,,,,,,,,,,,,,,,,,,,,,,,,,,,,21,11,1,1,1,1,12,,,,,,,,,,,,,,,,,,src.models.gnet.GNet,64,[13],0.2,40,True,None,50,1,1,0.01,False,adam,0.0,2,None,48,False,50,G-Net,,,,,,,,,,,,,,,,,,,,,,,,,,,,,,,19.646614373977805,25.873638062341453,30.142875180957322,35.08094634564913,38.325281476153,4.057799618194694,NaN,,,31.252975814402372,32.41493106699374,NaN,,,,,,,,4.057799618194694,NaN,99,0.09978236258029938,0.016827978193759918,0.08295437693595886,,,,,,,,,,
2024-05-14 14:55:15,7.8min,08c19e89e73e4ae6b3f4e2615d768a3e,fearless-trout-109,LOCAL,runnables/train_rmsn.py,Raytrack,FINISHED,src.data.SyntheticVitalDatasetCollection,sliding_treatment,4000,,0,60,tumor_generator,3,1,5,100000,0.15,0.15,30,30,multilabel,512,15,1.0,exp,None,False,0.99,[0],True,100,http://127.0.0.1:5000,True,100000,True,False,None,,,,,,,,,,,,,,,,,,,,,,,,,,,,,,,,,10,11,1,1,1,1,12,src.models.rmsn.RMSNEncoder,128,,0.2,,None,2.0,1,0.01,False,adam,0.0,None,,16,False,50,,,,,,,,,,,,,,,,,,,,RMSN,src.models.rmsn.RMSNPropensityNetworkHistory,64,0.2,None,1.0,1,0.01,False,adam,0.0,None,16,False,50,src.models.rmsn.RMSNPropensityNetworkTreatment,128,0.2,None,2.0,1,0.01,False,adam,0.0,None,6,False,50,False,,,,,,,,,,0.02329057827591896,17.649649687446203,19.001154615126538,NaN,,,,,,,,10.208474105675041,NaN,99,,,,0.15156036615371704,0.7123352770589112,NaN,0.623227162192126,NaN,0.37879788875579834,0.5751900308485771,NaN,0.6846725067357137,NaN
2024-05-14 14:47:02,7.8min,5ab85bd3e67b4f0e93a6450c89e35980,nosy-shrew-627,LOCAL,runnables/train_rmsn.py,Raytrack,FINISHED,src.data.SyntheticVitalDatasetCollection,sliding_treatment,4000,,0,60,tumor_generator,3,1,5,10000,0.15,0.15,30,30,multilabel,512,15,1.0,exp,None,False,0.99,[0],True,100,http://127.0.0.1:5000,True,10000,True,False,None,,,,,,,,,,,,,,,,,,,,,,,,,,,,,,,,,10,11,1,1,1,1,12,src.models.rmsn.RMSNEncoder,128,,0.2,,None,2.0,1,0.01,False,adam,0.0,None,,16,False,50,,,,,,,,,,,,,,,,,,,,RMSN,src.models.rmsn.RMSNPropensityNetworkHistory,64,0.2,None,1.0,1,0.01,False,adam,0.0,None,16,False,50,src.models.rmsn.RMSNPropensityNetworkTreatment,128,0.2,None,2.0,1,0.01,False,adam,0.0,None,6,False,50,False,,,,,,,,,,0.025305509567260742,44.58301838130493,43.42276740409313,NaN,,,,,,,,15.110112172966952,NaN,99,,,,0.08675501495599747,0.5704806975728757,NaN,0.6624375363079688,NaN,0.21501636505126953,0.5650924201573602,NaN,0.6868894352122891,NaN
2024-05-14 14:38:45,7.8min,3fce8af7c2224724ad8ab560e8f9e1ac,ambitious-dog-344,LOCAL,runnables/train_rmsn.py,Raytrack,FINISHED,src.data.SyntheticVitalDatasetCollection,sliding_treatment,4000,,0,60,tumor_generator,3,1,5,1000,0.15,0.15,30,30,multilabel,512,15,1.0,exp,None,False,0.99,[0],True,100,http://127.0.0.1:5000,True,1000,True,False,None,,,,,,,,,,,,,,,,,,,,,,,,,,,,,,,,,10,11,1,1,1,1,12,src.models.rmsn.RMSNEncoder,128,,0.2,,None,2.0,1,0.01,False,adam,0.0,None,,16,False,50,,,,,,,,,,,,,,,,,,,,RMSN,src.models.rmsn.RMSNPropensityNetworkHistory,64,0.2,None,1.0,1,0.01,False,adam,0.0,None,16,False,50,src.models.rmsn.RMSNPropensityNetworkTreatment,128,0.2,None,2.0,1,0.01,False,adam,0.0,None,6,False,50,False,,,,,,,,,,0.036207616329193115,26.82625974137407,26.18733840683208,NaN,,,,,,,,8.609505900924182,NaN,99,,,,0.16583754122257233,0.6671791438799528,NaN,0.6640924756537764,NaN,0.31155696511268616,0.5838844451788943,NaN,0.691089504093608,NaN
2024-05-14 14:30:31,7.8min,1624df26f92c488688fa63d98cd5b7fa,orderly-ape-250,LOCAL,runnables/train_rmsn.py,Raytrack,FINISHED,src.data.SyntheticVitalDatasetCollection,sliding_treatment,4000,,0,60,tumor_generator,3,1,5,100,0.15,0.15,30,30,multilabel,512,15,1.0,exp,None,False,0.99,[0],True,100,http://127.0.0.1:5000,True,100,True,False,None,,,,,,,,,,,,,,,,,,,,,,,,,,,,,,,,,10,11,1,1,1,1,12,src.models.rmsn.RMSNEncoder,128,,0.2,,None,2.0,1,0.01,False,adam,0.0,None,,16,False,50,,,,,,,,,,,,,,,,,,,,RMSN,src.models.rmsn.RMSNPropensityNetworkHistory,64,0.2,None,1.0,1,0.01,False,adam,0.0,None,16,False,50,src.models.rmsn.RMSNPropensityNetworkTreatment,128,0.2,None,2.0,1,0.01,False,adam,0.0,None,6,False,50,False,,,,,,,,,,0.013800843618810177,15.099197089333158,13.956121629419108,NaN,,,,,,,,10.369994333605533,NaN,99,,,,0.0802379921078682,0.7985186773495496,NaN,0.5224682782036253,NaN,0.3205878734588623,0.5978471316695377,NaN,0.5926208559352242,NaN
2024-05-14 14:22:14,7.8min,480ac5ab9c9d42bbb3693900aff6541d,gregarious-sow-66,LOCAL,runnables/train_rmsn.py,Raytrack,FINISHED,src.data.SyntheticVitalDatasetCollection,sliding_treatment,4000,,0,60,tumor_generator,3,1,5,10,0.15,0.15,30,30,multilabel,512,15,1.0,exp,None,False,0.99,[0],True,100,http://127.0.0.1:5000,True,10,True,False,None,,,,,,,,,,,,,,,,,,,,,,,,,,,,,,,,,10,11,1,1,1,1,12,src.models.rmsn.RMSNEncoder,128,,0.2,,None,2.0,1,0.01,False,adam,0.0,None,,16,False,50,,,,,,,,,,,,,,,,,,,,RMSN,src.models.rmsn.RMSNPropensityNetworkHistory,64,0.2,None,1.0,1,0.01,False,adam,0.0,None,16,False,50,src.models.rmsn.RMSNPropensityNetworkTreatment,128,0.2,None,2.0,1,0.01,False,adam,0.0,None,6,False,50,False,,,,,,,,,,0.021695395931601524,49.86819900673653,46.78227901608143,NaN,,,,,,,,16.098646555177098,NaN,99,,,,0.03081994317471981,1.0916194864432085,NaN,0.4483150908827943,NaN,0.10073941200971603,0.5986203741874583,NaN,0.4553940749367328,NaN
2024-05-12 09:11:52,50.2min,f72e9fa94400418bb0cf46724e0d7c84,invincible-calf-668,LOCAL,runnables/train_coso.py,Raytrack,FINISHED,src.data.SyntheticVitalDatasetCollection,sliding_treatment,4000,,0,60,tumor_generator,3,1,5,100000,0.15,0.15,30,30,multiclass,512,15,0.01,exp,domain_confusion,False,0.99,[0],True,150,http://127.0.0.1:5000,True,100000,True,True,True,src.models.coso.COSO,32,3,0.4,6,None,1,0.0001,False,adam,0.0,None,0.6,128,False,1,src.models.coso.CRNDecoder,1024,18,0.1,18,None,1,0.01,False,adam,0.0,None,None,3,False,30,12,11,1,1,1,1,12,src.models.coso.CRNEncoder,64,16,0.3,32,None,,1,0.01,False,adam,0.0,None,None,60,False,50,,,,,,,,,,,,,,,,,,,,COSO,,,,,,,,,,,,,,,,,,,,,,,,,,,,,False,-1.743557333946228,,,,,,,,0.00999903492629528,,9.313742331558196,7.139219724231174,NaN,0,0,0.01361337210983038,0.01361337210983038,0,0.010036444291472435,0.010036444291472435,3.8557348902329944,NaN,99,,,,,,,,,,,,,
2024-05-12 08:19:31,51.9min,eb846086cefa46e99292b61b39c4cf4a,hilarious-ant-905,LOCAL,runnables/train_coso.py,Raytrack,FINISHED,src.data.SyntheticVitalDatasetCollection,sliding_treatment,4000,,0,60,tumor_generator,3,1,5,10000,0.15,0.15,30,30,multiclass,512,15,0.01,exp,domain_confusion,False,0.99,[0],True,150,http://127.0.0.1:5000,True,10000,True,True,True,src.models.coso.COSO,32,3,0.4,6,None,1,0.0001,False,adam,0.0,None,0.6,128,False,1,src.models.coso.CRNDecoder,1024,18,0.1,18,None,1,0.01,False,adam,0.0,None,None,3,False,30,12,11,1,1,1,1,12,src.models.coso.CRNEncoder,64,16,0.3,32,None,,1,0.01,False,adam,0.0,None,None,60,False,50,,,,,,,,,,,,,,,,,,,,COSO,,,,,,,,,,,,,,,,,,,,,,,,,,,,,False,-1.2861286401748657,,,,,,,,0.00999903492629528,,26.673221531050366,24.826166494059123,NaN,0,0,0.015227516181766987,0.015227516181766987,0,0.008026856929063797,0.008026856929063797,3.1022269398613362,NaN,99,,,,,,,,,,,,,
2024-05-12 07:25:11,53.9min,97f52b2324d34ccc82305925fbc0690d,industrious-bee-293,LOCAL,runnables/train_coso.py,Raytrack,FINISHED,src.data.SyntheticVitalDatasetCollection,sliding_treatment,4000,,0,60,tumor_generator,3,1,5,1000,0.15,0.15,30,30,multiclass,512,15,0.01,exp,domain_confusion,False,0.99,[0],True,150,http://127.0.0.1:5000,True,1000,True,True,True,src.models.coso.COSO,32,3,0.4,6,None,1,0.0001,False,adam,0.0,None,0.6,128,False,1,src.models.coso.CRNDecoder,1024,18,0.1,18,None,1,0.01,False,adam,0.0,None,None,3,False,30,12,11,1,1,1,1,12,src.models.coso.CRNEncoder,64,16,0.3,32,None,,1,0.01,False,adam,0.0,None,None,60,False,50,,,,,,,,,,,,,,,,,,,,COSO,,,,,,,,,,,,,,,,,,,,,,,,,,,,,False,-1.4002255201339722,,,,,,,,0.00999903492629528,,15.10938701326998,14.9521749127334,NaN,0,0,0.021571876481175423,0.021571876481175423,0,0.01960880495607853,0.01960880495607853,4.091498328379039,NaN,99,,,,,,,,,,,,,
2024-05-12 06:32:25,52.3min,d974f895cffd4e41a313c0b02a32fb72,industrious-bat-486,LOCAL,runnables/train_coso.py,Raytrack,FINISHED,src.data.SyntheticVitalDatasetCollection,sliding_treatment,4000,,0,60,tumor_generator,3,1,5,100,0.15,0.15,30,30,multiclass,512,15,0.01,exp,domain_confusion,False,0.99,[0],True,150,http://127.0.0.1:5000,True,100,True,True,True,src.models.coso.COSO,32,3,0.4,6,None,1,0.0001,False,adam,0.0,None,0.6,128,False,1,src.models.coso.CRNDecoder,1024,18,0.1,18,None,1,0.01,False,adam,0.0,None,None,3,False,30,12,11,1,1,1,1,12,src.models.coso.CRNEncoder,64,16,0.3,32,None,,1,0.01,False,adam,0.0,None,None,60,False,50,,,,,,,,,,,,,,,,,,,,COSO,,,,,,,,,,,,,,,,,,,,,,,,,,,,,False,-1.623928427696228,,,,,,,,0.00999903492629528,,10.62406010586801,8.37175794721893,NaN,0,0,0.008128248155117035,0.008128248155117035,0,0.004994664341211319,0.004994664341211319,3.3993187462298984,NaN,99,,,,,,,,,,,,,
2024-05-12 05:42:52,49.1min,462b657314e94b54b161aafe15adfe25,rare-shark-981,LOCAL,runnables/train_coso.py,Raytrack,FINISHED,src.data.SyntheticVitalDatasetCollection,sliding_treatment,4000,,0,60,tumor_generator,3,1,5,10,0.15,0.15,30,30,multiclass,512,15,0.01,exp,domain_confusion,False,0.99,[0],True,150,http://127.0.0.1:5000,True,10,True,True,True,src.models.coso.COSO,32,3,0.4,6,None,1,0.0001,False,adam,0.0,None,0.6,128,False,1,src.models.coso.CRNDecoder,1024,18,0.1,18,None,1,0.01,False,adam,0.0,None,None,3,False,30,12,11,1,1,1,1,12,src.models.coso.CRNEncoder,64,16,0.3,32,None,,1,0.01,False,adam,0.0,None,None,60,False,50,,,,,,,,,,,,,,,,,,,,COSO,,,,,,,,,,,,,,,,,,,,,,,,,,,,,False,-1.5915844440460205,,,,,,,,0.00999903492629528,,24.1774940537353,19.304092489512414,NaN,0,0,0.015343161299824715,0.015343161299824715,0,0.012560967355966568,0.012560967355966568,4.393431086737933,NaN,99,,,,,,,,,,,,,
2024-05-11 21:54:26,12.1min,2db407b8dafb4150b61db7f196262b9b,unruly-dog-995,LOCAL,runnables/train_enc_dec.py,Raytrack,FINISHED,src.data.SyntheticVitalDatasetCollection,sliding_treatment,4000,,0,60,tumor_generator,3,1,5,100000,0.15,0.15,30,30,multiclass,512,15,0.01,exp,domain_confusion,False,0.99,[0],True,150,http://127.0.0.1:5000,True,100000,True,True,True,,,,,,,,,,,,,,,,,,,,,,,,,,,,,,,,,21,11,1,1,1,1,12,src.models.crn.CRNEncoder,64,16,0.3,32,None,,1,0.01,False,adam,0.0,None,,60,False,50,,,,,,,,,,,,,,,,,,,,CRN,,,,,,,,,,,,,,,,,,,,,,,,,,,,,False,,,,,,,,,0.00999903492629528,,9.54913707818767,6.502196785462272,NaN,0,0,0.009675631299614906,0.009675631299614906,0,0.006025596987456083,0.006025596987456083,2.987681038252984,NaN,149,,,,,,,,,,,,,
2024-05-11 21:41:58,12.0min,0fc950845d4b46c38d63d9a56e6793a5,flawless-ray-604,LOCAL,runnables/train_enc_dec.py,Raytrack,FINISHED,src.data.SyntheticVitalDatasetCollection,sliding_treatment,4000,,0,60,tumor_generator,3,1,5,10000,0.15,0.15,30,30,multiclass,512,15,0.01,exp,domain_confusion,False,0.99,[0],True,150,http://127.0.0.1:5000,True,10000,True,True,True,,,,,,,,,,,,,,,,,,,,,,,,,,,,,,,,,21,11,1,1,1,1,12,src.models.crn.CRNEncoder,64,16,0.3,32,None,,1,0.01,False,adam,0.0,None,,60,False,50,,,,,,,,,,,,,,,,,,,,CRN,,,,,,,,,,,,,,,,,,,,,,,,,,,,,False,,,,,,,,,0.00999903492629528,,20.634374174411032,17.86843147081876,NaN,0,0,0.01204440463334322,0.01204440463334322,0,0.0071586682461202145,0.0071586682461202145,2.929669318780223,NaN,149,,,,,,,,,,,,,
2024-05-11 21:28:58,12.5min,d341cb5fce204d8da1aca2ad7ce586a0,classy-ant-194,LOCAL,runnables/train_enc_dec.py,Raytrack,FINISHED,src.data.SyntheticVitalDatasetCollection,sliding_treatment,4000,,0,60,tumor_generator,3,1,5,1000,0.15,0.15,30,30,multiclass,512,15,0.01,exp,domain_confusion,False,0.99,[0],True,150,http://127.0.0.1:5000,True,1000,True,True,True,,,,,,,,,,,,,,,,,,,,,,,,,,,,,,,,,21,11,1,1,1,1,12,src.models.crn.CRNEncoder,64,16,0.3,32,None,,1,0.01,False,adam,0.0,None,,60,False,50,,,,,,,,,,,,,,,,,,,,CRN,,,,,,,,,,,,,,,,,,,,,,,,,,,,,False,,,,,,,,,0.00999903492629528,,18.35584232513193,16.779084633320707,NaN,0,0,0.019646435976028442,0.019646435976028442,0,0.013277345336973667,0.013277345336973667,3.3666041691419504,NaN,149,,,,,,,,,,,,,
2024-05-11 21:15:37,12.7min,5f23c8dfc5b2426c9a67bc0d5426ccb1,intrigued-lark-275,LOCAL,runnables/train_enc_dec.py,Raytrack,FINISHED,src.data.SyntheticVitalDatasetCollection,sliding_treatment,4000,,0,60,tumor_generator,3,1,5,100,0.15,0.15,30,30,multiclass,512,15,0.01,exp,domain_confusion,False,0.99,[0],True,150,http://127.0.0.1:5000,True,100,True,True,True,,,,,,,,,,,,,,,,,,,,,,,,,,,,,,,,,21,11,1,1,1,1,12,src.models.crn.CRNEncoder,64,16,0.3,32,None,,1,0.01,False,adam,0.0,None,,60,False,50,,,,,,,,,,,,,,,,,,,,CRN,,,,,,,,,,,,,,,,,,,,,,,,,,,,,False,,,,,,,,,0.00999903492629528,,20.09078123601535,15.776758688419285,NaN,0,0,0.007341446354985237,0.007341446354985237,0,0.004030586685985327,0.004030586685985327,3.053669862669525,NaN,149,,,,,,,,,,,,,
2024-05-11 21:02:35,12.5min,913bddd5edcb451f8034156338d1b496,powerful-shrike-577,LOCAL,runnables/train_enc_dec.py,Raytrack,FINISHED,src.data.SyntheticVitalDatasetCollection,sliding_treatment,4000,,0,60,tumor_generator,3,1,5,10,0.15,0.15,30,30,multiclass,512,15,0.01,exp,domain_confusion,False,0.99,[0],True,150,http://127.0.0.1:5000,True,10,True,True,True,,,,,,,,,,,,,,,,,,,,,,,,,,,,,,,,,21,11,1,1,1,1,12,src.models.crn.CRNEncoder,64,16,0.3,32,None,,1,0.01,False,adam,0.0,None,,60,False,50,,,,,,,,,,,,,,,,,,,,CRN,,,,,,,,,,,,,,,,,,,,,,,,,,,,,False,,,,,,,,,0.00999903492629528,,22.49538494041698,17.087475232757384,NaN,0,0,0.014022447168827057,0.014022447168827057,0,0.006099376827478409,0.006099376827478409,3.0615083720568514,NaN,149,,,,,,,,,,,,,
2024-05-11 14:01:59,15.3min,1c2461deda53429a8f9c560a905203f1,casual-dove-58,LOCAL,runnables/train_gnet.py,Raytrack,FINISHED,src.data.SyntheticVitalDatasetCollection,sliding_treatment,4000,0.1,0,60,tumor_generator,3,1,5,100000,0.15,0.15,30,30,multiclass,4096,15,1.0,exp,grad_reverse,False,0.99,[0],True,100,http://127.0.0.1:5000,True,100000,True,False,False,,,,,,,,,,,,,,,,,,,,,,,,,,,,,,,,,21,11,1,1,1,1,12,,,,,,,,,,,,,,,,,,src.models.gnet.GNet,64,[13],0.2,40,True,None,50,1,1,0.01,False,adam,0.0,2,None,48,False,50,G-Net,,,,,,,,,,,,,,,,,,,,,,,,,,,,,,,16.561558720217537,16.670720437969557,16.039600081117555,16.077902654959644,16.876580585975617,3.7317651289857063,NaN,,,10.462276626373042,7.606087569900061,NaN,,,,,,,,3.7317651289857063,NaN,99,0.10449934005737305,0.015815438702702522,0.08868391066789627,,,,,,,,,,
2024-05-11 13:46:03,15.5min,91881df5ae354f618011223bcc60652a,salty-shark-694,LOCAL,runnables/train_gnet.py,Raytrack,FINISHED,src.data.SyntheticVitalDatasetCollection,sliding_treatment,4000,0.1,0,60,tumor_generator,3,1,5,10000,0.15,0.15,30,30,multiclass,4096,15,1.0,exp,grad_reverse,False,0.99,[0],True,100,http://127.0.0.1:5000,True,10000,True,False,False,,,,,,,,,,,,,,,,,,,,,,,,,,,,,,,,,21,11,1,1,1,1,12,,,,,,,,,,,,,,,,,,src.models.gnet.GNet,64,[13],0.2,40,True,None,50,1,1,0.01,False,adam,0.0,2,None,48,False,50,G-Net,,,,,,,,,,,,,,,,,,,,,,,,,,,,,,,17.512504349004047,17.624820101802094,17.859814047254105,16.577302585383162,15.980984535431519,3.54780257401516,NaN,,,21.206041603568472,19.526516685058816,NaN,,,,,,,,3.54780257401516,NaN,99,0.10702554136514664,0.01845034398138523,0.08857522904872894,,,,,,,,,,
2024-05-11 13:30:15,15.3min,963c0f25655c4b32b8f2f1ca650a70ce,skittish-stoat-628,LOCAL,runnables/train_gnet.py,Raytrack,FINISHED,src.data.SyntheticVitalDatasetCollection,sliding_treatment,4000,0.1,0,60,tumor_generator,3,1,5,1000,0.15,0.15,30,30,multiclass,4096,15,1.0,exp,grad_reverse,False,0.99,[0],True,100,http://127.0.0.1:5000,True,1000,True,False,False,,,,,,,,,,,,,,,,,,,,,,,,,,,,,,,,,21,11,1,1,1,1,12,,,,,,,,,,,,,,,,,,src.models.gnet.GNet,64,[13],0.2,40,True,None,50,1,1,0.01,False,adam,0.0,2,None,48,False,50,G-Net,,,,,,,,,,,,,,,,,,,,,,,,,,,,,,,14.078539440023036,12.174006710585864,11.34186490302935,10.867613048193334,11.031726174157134,3.7938026215841476,NaN,,,17.957556030298957,18.597831559432006,NaN,,,,,,,,3.7938026215841476,NaN,99,0.10387193411588669,0.023304995149374008,0.0805669054389,,,,,,,,,,
2024-05-11 13:14:22,15.4min,369cde26008a49419772fc296fcdc2c9,bouncy-zebra-69,LOCAL,runnables/train_gnet.py,Raytrack,FINISHED,src.data.SyntheticVitalDatasetCollection,sliding_treatment,4000,0.1,0,60,tumor_generator,3,1,5,100,0.15,0.15,30,30,multiclass,4096,15,1.0,exp,grad_reverse,False,0.99,[0],True,100,http://127.0.0.1:5000,True,100,True,False,False,,,,,,,,,,,,,,,,,,,,,,,,,,,,,,,,,21,11,1,1,1,1,12,,,,,,,,,,,,,,,,,,src.models.gnet.GNet,64,[13],0.2,40,True,None,50,1,1,0.01,False,adam,0.0,2,None,48,False,50,G-Net,,,,,,,,,,,,,,,,,,,,,,,,,,,,,,,17.516791173160744,18.3072525730663,20.026738669400366,20.754453780424804,22.997798042196184,4.445281150171768,NaN,,,26.749476287094097,20.85856048175076,NaN,,,,,,,,4.445281150171768,NaN,99,0.0983738824725151,0.013786109164357185,0.08458776772022247,,,,,,,,,,
2024-05-11 12:58:27,15.5min,4b181454a7d749fe878f5717db81c08a,unequaled-pug-232,LOCAL,runnables/train_gnet.py,Raytrack,FINISHED,src.data.SyntheticVitalDatasetCollection,sliding_treatment,4000,0.1,0,60,tumor_generator,3,1,5,10,0.15,0.15,30,30,multiclass,4096,15,1.0,exp,grad_reverse,False,0.99,[0],True,100,http://127.0.0.1:5000,True,10,True,False,False,,,,,,,,,,,,,,,,,,,,,,,,,,,,,,,,,21,11,1,1,1,1,12,,,,,,,,,,,,,,,,,,src.models.gnet.GNet,64,[13],0.2,40,True,None,50,1,1,0.01,False,adam,0.0,2,None,48,False,50,G-Net,,,,,,,,,,,,,,,,,,,,,,,,,,,,,,,20.115727741756608,22.291677050848214,23.75891651212457,26.213892440070595,28.63966550650623,3.7187452066390154,NaN,,,26.81731244710754,26.48161682168662,NaN,,,,,,,,3.7187452066390154,NaN,99,0.09982344508171082,0.017184477299451828,0.08263896405696869,,,,,,,,,,
2024-05-14 14:17:51,3.9min,095c84bf45354e80a65685d36824ef8c,spiffy-ray-685,LOCAL,runnables/train_rmsn.py,Raytrack,FINISHED,src.data.SyntheticVitalDatasetCollection,sliding_treatment,2000,,0,60,tumor_generator,3,1,5,100000,0.15,0.15,30,30,multilabel,512,15,1.0,exp,None,False,0.99,[0],True,100,http://127.0.0.1:5000,True,100000,True,False,None,,,,,,,,,,,,,,,,,,,,,,,,,,,,,,,,,10,11,1,1,1,1,12,src.models.rmsn.RMSNEncoder,128,,0.2,,None,2.0,1,0.01,False,adam,0.0,None,,16,False,50,,,,,,,,,,,,,,,,,,,,RMSN,src.models.rmsn.RMSNPropensityNetworkHistory,64,0.2,None,1.0,1,0.01,False,adam,0.0,None,16,False,50,src.models.rmsn.RMSNPropensityNetworkTreatment,128,0.2,None,2.0,1,0.01,False,adam,0.0,None,6,False,50,False,,,,,,,,,,0.026636624708771706,13.558980699524186,14.908756558992744,NaN,,,,,,,,6.94123011780316,NaN,99,,,,0.15943017601966858,0.7338537259148871,NaN,0.6217851174240078,NaN,0.39067375659942627,0.5807558119384394,NaN,0.6845455265820736,NaN
2024-05-14 14:13:42,3.9min,8ebf3b79c72542c49e102288f2adf1c2,adaptable-cod-164,LOCAL,runnables/train_rmsn.py,Raytrack,FINISHED,src.data.SyntheticVitalDatasetCollection,sliding_treatment,2000,,0,60,tumor_generator,3,1,5,10000,0.15,0.15,30,30,multilabel,512,15,1.0,exp,None,False,0.99,[0],True,100,http://127.0.0.1:5000,True,10000,True,False,None,,,,,,,,,,,,,,,,,,,,,,,,,,,,,,,,,10,11,1,1,1,1,12,src.models.rmsn.RMSNEncoder,128,,0.2,,None,2.0,1,0.01,False,adam,0.0,None,,16,False,50,,,,,,,,,,,,,,,,,,,,RMSN,src.models.rmsn.RMSNPropensityNetworkHistory,64,0.2,None,1.0,1,0.01,False,adam,0.0,None,16,False,50,src.models.rmsn.RMSNPropensityNetworkTreatment,128,0.2,None,2.0,1,0.01,False,adam,0.0,None,6,False,50,False,,,,,,,,,,0.02307371236383915,33.590550678803424,32.43072436570216,NaN,,,,,,,,11.361102636362158,NaN,99,,,,0.09559811651706696,0.6246691474605373,NaN,0.6625062534032323,NaN,0.2232665717601776,0.5617553126088038,NaN,0.6890990315680824,NaN
2024-05-14 14:09:42,3.7min,610c10fda9524efcbda825e23ed1f054,bright-cub-272,LOCAL,runnables/train_rmsn.py,Raytrack,FINISHED,src.data.SyntheticVitalDatasetCollection,sliding_treatment,2000,,0,60,tumor_generator,3,1,5,1000,0.15,0.15,30,30,multilabel,512,15,1.0,exp,None,False,0.99,[0],True,100,http://127.0.0.1:5000,True,1000,True,False,None,,,,,,,,,,,,,,,,,,,,,,,,,,,,,,,,,10,11,1,1,1,1,12,src.models.rmsn.RMSNEncoder,128,,0.2,,None,2.0,1,0.01,False,adam,0.0,None,,16,False,50,,,,,,,,,,,,,,,,,,,,RMSN,src.models.rmsn.RMSNPropensityNetworkHistory,64,0.2,None,1.0,1,0.01,False,adam,0.0,None,16,False,50,src.models.rmsn.RMSNPropensityNetworkTreatment,128,0.2,None,2.0,1,0.01,False,adam,0.0,None,6,False,50,False,,,,,,,,,,0.043043605983257294,25.160421290306445,21.892782452778516,NaN,,,,,,,,8.685689436420727,NaN,99,,,,0.17258010804653168,0.7121193267359863,NaN,0.6654229249768152,NaN,0.3198888599872589,0.5598622659946978,NaN,0.6905058173481853,NaN
2024-05-14 14:05:21,4.1min,629e38a05f1c4799b966fc27e64a4797,nimble-bee-779,LOCAL,runnables/train_rmsn.py,Raytrack,FINISHED,src.data.SyntheticVitalDatasetCollection,sliding_treatment,2000,,0,60,tumor_generator,3,1,5,100,0.15,0.15,30,30,multilabel,512,15,1.0,exp,None,False,0.99,[0],True,100,http://127.0.0.1:5000,True,100,True,False,None,,,,,,,,,,,,,,,,,,,,,,,,,,,,,,,,,10,11,1,1,1,1,12,src.models.rmsn.RMSNEncoder,128,,0.2,,None,2.0,1,0.01,False,adam,0.0,None,,16,False,50,,,,,,,,,,,,,,,,,,,,RMSN,src.models.rmsn.RMSNPropensityNetworkHistory,64,0.2,None,1.0,1,0.01,False,adam,0.0,None,16,False,50,src.models.rmsn.RMSNPropensityNetworkTreatment,128,0.2,None,2.0,1,0.01,False,adam,0.0,None,6,False,50,False,,,,,,,,,,0.013696132227778435,14.472320400750538,12.679335036232898,NaN,,,,,,,,13.6289239922241,NaN,99,,,,0.08764830231666565,0.7748078172990206,NaN,0.5245446736960153,NaN,0.333961546421051,0.5893808969181569,NaN,0.5930064889192957,NaN
2024-05-14 14:01:03,4.0min,9781b596c5c444389537940a017b2826,wise-seal-328,LOCAL,runnables/train_rmsn.py,Raytrack,FINISHED,src.data.SyntheticVitalDatasetCollection,sliding_treatment,2000,,0,60,tumor_generator,3,1,5,10,0.15,0.15,30,30,multilabel,512,15,1.0,exp,None,False,0.99,[0],True,100,http://127.0.0.1:5000,True,10,True,False,None,,,,,,,,,,,,,,,,,,,,,,,,,,,,,,,,,10,11,1,1,1,1,12,src.models.rmsn.RMSNEncoder,128,,0.2,,None,2.0,1,0.01,False,adam,0.0,None,,16,False,50,,,,,,,,,,,,,,,,,,,,RMSN,src.models.rmsn.RMSNPropensityNetworkHistory,64,0.2,None,1.0,1,0.01,False,adam,0.0,None,16,False,50,src.models.rmsn.RMSNPropensityNetworkTreatment,128,0.2,None,2.0,1,0.01,False,adam,0.0,None,6,False,50,False,,,,,,,,,,0.028833379969000816,52.25577027973296,45.532759823989785,NaN,,,,,,,,16.55490778658053,NaN,99,,,,0.03203056380152702,1.0887614318703396,NaN,0.4486807925461786,NaN,0.1086147278547287,0.6044534731647346,NaN,0.4600181410055688,NaN
2024-05-13 19:45:47,9.6min,3a80347af1324f88afc7d03a893bd0ab,intelligent-carp-793,LOCAL,runnables/train_gnet.py,Raytrack,FINISHED,src.data.SyntheticVitalDatasetCollection,sliding_treatment,2000,0.1,0,60,tumor_generator,3,1,5,100000,0.15,0.15,30,30,multiclass,4096,15,1.0,exp,grad_reverse,False,0.99,[0],True,100,http://127.0.0.1:5000,True,100000,True,False,False,,,,,,,,,,,,,,,,,,,,,,,,,,,,,,,,,21,11,1,1,1,1,12,,,,,,,,,,,,,,,,,,src.models.gnet.GNet,64,[13],0.2,40,True,None,50,1,1,0.01,False,adam,0.0,2,None,48,False,50,G-Net,,,,,,,,,,,,,,,,,,,,,,,,,,,,,,,18.476012741604073,17.708876158596603,17.821906578210857,17.635429583418542,18.7921669159144,3.897746528957715,NaN,,,11.14212833248001,10.208158787194426,NaN,,,,,,,,3.897746528957715,NaN,99,0.11058040708303452,0.017210703343153,0.09336970746517181,,,,,,,,,,
2024-05-13 19:35:54,9.7min,6a783f85ed854959b9f9d1144b00510b,merciful-gnu-422,LOCAL,runnables/train_gnet.py,Raytrack,FINISHED,src.data.SyntheticVitalDatasetCollection,sliding_treatment,2000,0.1,0,60,tumor_generator,3,1,5,10000,0.15,0.15,30,30,multiclass,4096,15,1.0,exp,grad_reverse,False,0.99,[0],True,100,http://127.0.0.1:5000,True,10000,True,False,False,,,,,,,,,,,,,,,,,,,,,,,,,,,,,,,,,21,11,1,1,1,1,12,,,,,,,,,,,,,,,,,,src.models.gnet.GNet,64,[13],0.2,40,True,None,50,1,1,0.01,False,adam,0.0,2,None,48,False,50,G-Net,,,,,,,,,,,,,,,,,,,,,,,,,,,,,,,17.044982021077534,17.32582071860791,17.140548562986556,16.198711085678656,15.520124731598598,3.791857094941907,NaN,,,21.042391704722085,19.47334529406838,NaN,,,,,,,,3.791857094941907,NaN,99,0.11133863776922226,0.0203293114900589,0.09100933372974396,,,,,,,,,,
2024-05-13 19:25:22,10.3min,f18d1717e42d4572914c2f2cbd355132,funny-fox-397,LOCAL,runnables/train_gnet.py,Raytrack,FINISHED,src.data.SyntheticVitalDatasetCollection,sliding_treatment,2000,0.1,0,60,tumor_generator,3,1,5,1000,0.15,0.15,30,30,multiclass,4096,15,1.0,exp,grad_reverse,False,0.99,[0],True,100,http://127.0.0.1:5000,True,1000,True,False,False,,,,,,,,,,,,,,,,,,,,,,,,,,,,,,,,,21,11,1,1,1,1,12,,,,,,,,,,,,,,,,,,src.models.gnet.GNet,64,[13],0.2,40,True,None,50,1,1,0.01,False,adam,0.0,2,None,48,False,50,G-Net,,,,,,,,,,,,,,,,,,,,,,,,,,,,,,,12.688309270036594,11.484108530419844,11.221221697080994,10.58530388642053,11.331189407534184,4.279890760479374,NaN,,,19.874119080279108,19.16001604787875,NaN,,,,,,,,4.279890760479374,NaN,99,0.10562949627637863,0.023584268987178802,0.08204523473978043,,,,,,,,,,
2024-05-13 19:13:15,11.9min,87c4915c8c034310a43139197b25285d,skittish-dog-63,LOCAL,runnables/train_gnet.py,Raytrack,FINISHED,src.data.SyntheticVitalDatasetCollection,sliding_treatment,2000,0.1,0,60,tumor_generator,3,1,5,100,0.15,0.15,30,30,multiclass,4096,15,1.0,exp,grad_reverse,False,0.99,[0],True,100,http://127.0.0.1:5000,True,100,True,False,False,,,,,,,,,,,,,,,,,,,,,,,,,,,,,,,,,21,11,1,1,1,1,12,,,,,,,,,,,,,,,,,,src.models.gnet.GNet,64,[13],0.2,40,True,None,50,1,1,0.01,False,adam,0.0,2,None,48,False,50,G-Net,,,,,,,,,,,,,,,,,,,,,,,,,,,,,,,17.306357057432855,18.02747723504697,20.44169221951295,20.652027709307458,24.139275530483268,4.35063045617278,NaN,,,27.802449740521855,22.636122300069,NaN,,,,,,,,4.35063045617278,NaN,99,0.1026483029127121,0.01461329311132431,0.08803500980138779,,,,,,,,,,
2024-05-13 19:00:09,12.8min,748d81e9866f474f94af751db6d5ba24,auspicious-wasp-230,LOCAL,runnables/train_gnet.py,Raytrack,FINISHED,src.data.SyntheticVitalDatasetCollection,sliding_treatment,2000,0.1,0,60,tumor_generator,3,1,5,10,0.15,0.15,30,30,multiclass,4096,15,1.0,exp,grad_reverse,False,0.99,[0],True,100,http://127.0.0.1:5000,True,10,True,False,False,,,,,,,,,,,,,,,,,,,,,,,,,,,,,,,,,21,11,1,1,1,1,12,,,,,,,,,,,,,,,,,,src.models.gnet.GNet,64,[13],0.2,40,True,None,50,1,1,0.01,False,adam,0.0,2,None,48,False,50,G-Net,,,,,,,,,,,,,,,,,,,,,,,,,,,,,,,21.661475766285616,28.803977873869645,34.41157995111968,41.229731065870965,44.86787638729478,4.092890603075754,NaN,,,32.016629776871476,33.13840660156447,NaN,,,,,,,,4.092890603075754,NaN,99,0.10615216940641403,0.018676424399018288,0.0874757468700409,,,,,,,,,,
2024-05-12 05:18:23,24.0min,2a8cced76b794c90a57f0c57238fe3ae,bold-shad-175,LOCAL,runnables/train_coso.py,Raytrack,FINISHED,src.data.SyntheticVitalDatasetCollection,sliding_treatment,2000,,0,60,tumor_generator,3,1,5,100000,0.15,0.15,30,30,multiclass,512,15,0.01,exp,domain_confusion,False,0.99,[0],True,150,http://127.0.0.1:5000,True,100000,True,True,True,src.models.coso.COSO,32,3,0.4,6,None,1,0.0001,False,adam,0.0,None,0.6,128,False,1,src.models.coso.CRNDecoder,1024,18,0.1,18,None,1,0.01,False,adam,0.0,None,None,3,False,30,12,11,1,1,1,1,12,src.models.coso.CRNEncoder,64,16,0.3,32,None,,1,0.01,False,adam,0.0,None,None,60,False,50,,,,,,,,,,,,,,,,,,,,COSO,,,,,,,,,,,,,,,,,,,,,,,,,,,,,False,-1.4232484102249146,,,,,,,,0.009999032132327557,,11.569320849568282,12.629763758822735,NaN,0,0,0.017116015776991844,0.017116015776991844,0,0.010072631761431694,0.010072631761431694,3.88141150517222,NaN,99,,,,,,,,,,,,,
2024-05-12 04:54:06,24.1min,598b6ce4798c4562a30a62264a05c306,gentle-lynx-317,LOCAL,runnables/train_coso.py,Raytrack,FINISHED,src.data.SyntheticVitalDatasetCollection,sliding_treatment,2000,,0,60,tumor_generator,3,1,5,10000,0.15,0.15,30,30,multiclass,512,15,0.01,exp,domain_confusion,False,0.99,[0],True,150,http://127.0.0.1:5000,True,10000,True,True,True,src.models.coso.COSO,32,3,0.4,6,None,1,0.0001,False,adam,0.0,None,0.6,128,False,1,src.models.coso.CRNDecoder,1024,18,0.1,18,None,1,0.01,False,adam,0.0,None,None,3,False,30,12,11,1,1,1,1,12,src.models.coso.CRNEncoder,64,16,0.3,32,None,,1,0.01,False,adam,0.0,None,None,60,False,50,,,,,,,,,,,,,,,,,,,,COSO,,,,,,,,,,,,,,,,,,,,,,,,,,,,,False,-1.0715559720993042,,,,,,,,0.009999032132327557,,26.880097745661104,23.891399738992796,NaN,0,0,0.016589289531111717,0.016589289531111717,0,0.008409813977777958,0.008409813977777958,3.178158112242129,NaN,99,,,,,,,,,,,,,
2024-05-12 04:29:07,24.7min,f00c1eb4f377442ca92f5e08bb80a7e9,powerful-owl-81,LOCAL,runnables/train_coso.py,Raytrack,FINISHED,src.data.SyntheticVitalDatasetCollection,sliding_treatment,2000,,0,60,tumor_generator,3,1,5,1000,0.15,0.15,30,30,multiclass,512,15,0.01,exp,domain_confusion,False,0.99,[0],True,150,http://127.0.0.1:5000,True,1000,True,True,True,src.models.coso.COSO,32,3,0.4,6,None,1,0.0001,False,adam,0.0,None,0.6,128,False,1,src.models.coso.CRNDecoder,1024,18,0.1,18,None,1,0.01,False,adam,0.0,None,None,3,False,30,12,11,1,1,1,1,12,src.models.coso.CRNEncoder,64,16,0.3,32,None,,1,0.01,False,adam,0.0,None,None,60,False,50,,,,,,,,,,,,,,,,,,,,COSO,,,,,,,,,,,,,,,,,,,,,,,,,,,,,False,-1.1713744401931763,,,,,,,,0.009999032132327557,,16.45516479044405,15.078931731797795,NaN,0,0,0.025379251688718796,0.025379251688718796,0,0.01923334412276745,0.01923334412276745,4.100810565486759,NaN,99,,,,,,,,,,,,,
2024-05-12 04:04:54,24.0min,795752f0ecba431faf448c776b6cb9d1,rare-smelt-283,LOCAL,runnables/train_coso.py,Raytrack,FINISHED,src.data.SyntheticVitalDatasetCollection,sliding_treatment,2000,,0,60,tumor_generator,3,1,5,100,0.15,0.15,30,30,multiclass,512,15,0.01,exp,domain_confusion,False,0.99,[0],True,150,http://127.0.0.1:5000,True,100,True,True,True,src.models.coso.COSO,32,3,0.4,6,None,1,0.0001,False,adam,0.0,None,0.6,128,False,1,src.models.coso.CRNDecoder,1024,18,0.1,18,None,1,0.01,False,adam,0.0,None,None,3,False,30,12,11,1,1,1,1,12,src.models.coso.CRNEncoder,64,16,0.3,32,None,,1,0.01,False,adam,0.0,None,None,60,False,50,,,,,,,,,,,,,,,,,,,,COSO,,,,,,,,,,,,,,,,,,,,,,,,,,,,,False,-1.4259536266326904,,,,,,,,0.009999032132327557,,13.282828121738582,11.011230854312505,NaN,0,0,0.010309682227671146,0.010309682227671146,0,0.00606936402618885,0.00606936402618885,3.7588208440272655,NaN,99,,,,,,,,,,,,,
2024-05-12 03:40:42,24.0min,240358f9af6b46b2ab73757ff2b186ec,vaunted-stork-278,LOCAL,runnables/train_coso.py,Raytrack,FINISHED,src.data.SyntheticVitalDatasetCollection,sliding_treatment,2000,,0,60,tumor_generator,3,1,5,10,0.15,0.15,30,30,multiclass,512,15,0.01,exp,domain_confusion,False,0.99,[0],True,150,http://127.0.0.1:5000,True,10,True,True,True,src.models.coso.COSO,32,3,0.4,6,None,1,0.0001,False,adam,0.0,None,0.6,128,False,1,src.models.coso.CRNDecoder,1024,18,0.1,18,None,1,0.01,False,adam,0.0,None,None,3,False,30,12,11,1,1,1,1,12,src.models.coso.CRNEncoder,64,16,0.3,32,None,,1,0.01,False,adam,0.0,None,None,60,False,50,,,,,,,,,,,,,,,,,,,,COSO,,,,,,,,,,,,,,,,,,,,,,,,,,,,,False,-1.4222577810287476,,,,,,,,0.009999032132327557,,24.333653742884167,21.06843341509966,NaN,0,0,0.016678860411047935,0.016678860411047935,0,0.00795513205230236,0.00795513205230236,3.5110064869872573,NaN,99,,,,,,,,,,,,,
2024-05-11 20:55:58,5.9min,38a971a354e5411fb9f6046d2b3ea0e6,unequaled-newt-370,LOCAL,runnables/train_enc_dec.py,Raytrack,FINISHED,src.data.SyntheticVitalDatasetCollection,sliding_treatment,2000,,0,60,tumor_generator,3,1,5,100000,0.15,0.15,30,30,multiclass,512,15,0.01,exp,domain_confusion,False,0.99,[0],True,150,http://127.0.0.1:5000,True,100000,True,True,True,,,,,,,,,,,,,,,,,,,,,,,,,,,,,,,,,21,11,1,1,1,1,12,src.models.crn.CRNEncoder,64,16,0.3,32,None,,1,0.01,False,adam,0.0,None,,60,False,50,,,,,,,,,,,,,,,,,,,,CRN,,,,,,,,,,,,,,,,,,,,,,,,,,,,,False,,,,,,,,,0.009999032132327557,,9.873427000867668,6.634579455204703,NaN,0,0,0.011363993398845196,0.011363993398845196,0,0.006169650238007307,0.006169650238007307,3.0377252563002477,NaN,149,,,,,,,,,,,,,
2024-05-11 20:44:21,5.3min,b5a70b299e744fffa0ea49f9c40a44bd,able-roo-793,LOCAL,runnables/train_enc_dec.py,Raytrack,FINISHED,src.data.SyntheticVitalDatasetCollection,sliding_treatment,2000,,0,60,tumor_generator,3,1,5,10000,0.15,0.15,30,30,multiclass,512,15,0.01,exp,domain_confusion,False,0.99,[0],True,150,http://127.0.0.1:5000,True,10000,True,True,True,,,,,,,,,,,,,,,,,,,,,,,,,,,,,,,,,21,11,1,1,1,1,12,src.models.crn.CRNEncoder,64,16,0.3,32,None,,1,0.01,False,adam,0.0,None,,60,False,50,,,,,,,,,,,,,,,,,,,,CRN,,,,,,,,,,,,,,,,,,,,,,,,,,,,,False,,,,,,,,,0.009999032132327557,,19.906035903033448,17.186472967068195,NaN,0,0,0.014295938424766064,0.014295938424766064,0,0.007301560137420893,0.007301560137420893,2.961352696819039,NaN,149,,,,,,,,,,,,,
2024-05-11 20:38:53,5.2min,a7b89a5a82f4423a8446b6b86f9c6fbe,crawling-crow-588,LOCAL,runnables/train_enc_dec.py,Raytrack,FINISHED,src.data.SyntheticVitalDatasetCollection,sliding_treatment,2000,,0,60,tumor_generator,3,1,5,1000,0.15,0.15,30,30,multiclass,512,15,0.01,exp,domain_confusion,False,0.99,[0],True,150,http://127.0.0.1:5000,True,1000,True,True,True,,,,,,,,,,,,,,,,,,,,,,,,,,,,,,,,,21,11,1,1,1,1,12,src.models.crn.CRNEncoder,64,16,0.3,32,None,,1,0.01,False,adam,0.0,None,,60,False,50,,,,,,,,,,,,,,,,,,,,CRN,,,,,,,,,,,,,,,,,,,,,,,,,,,,,False,,,,,,,,,0.009999032132327557,,19.353050279744348,18.42000684253737,NaN,0,0,0.02003212831914425,0.02003212831914425,0,0.017115548253059387,0.017115548253059387,3.8684564604297553,NaN,149,,,,,,,,,,,,,
2024-05-11 20:33:26,5.2min,dfdb26727da442e8817214d25494ec7e,unleashed-mouse-895,LOCAL,runnables/train_enc_dec.py,Raytrack,FINISHED,src.data.SyntheticVitalDatasetCollection,sliding_treatment,2000,,0,60,tumor_generator,3,1,5,100,0.15,0.15,30,30,multiclass,512,15,0.01,exp,domain_confusion,False,0.99,[0],True,150,http://127.0.0.1:5000,True,100,True,True,True,,,,,,,,,,,,,,,,,,,,,,,,,,,,,,,,,21,11,1,1,1,1,12,src.models.crn.CRNEncoder,64,16,0.3,32,None,,1,0.01,False,adam,0.0,None,,60,False,50,,,,,,,,,,,,,,,,,,,,CRN,,,,,,,,,,,,,,,,,,,,,,,,,,,,,False,,,,,,,,,0.009999032132327557,,22.201321162138292,17.369406676598402,NaN,0,0,0.008137371391057968,0.008137371391057968,0,0.0044585950672626495,0.0044585950672626495,3.2216551263368998,NaN,149,,,,,,,,,,,,,
2024-05-11 20:27:55,5.3min,60a2eb34338b438cab278ca27b26c9a5,bedecked-hound-27,LOCAL,runnables/train_enc_dec.py,Raytrack,FINISHED,src.data.SyntheticVitalDatasetCollection,sliding_treatment,2000,,0,60,tumor_generator,3,1,5,10,0.15,0.15,30,30,multiclass,512,15,0.01,exp,domain_confusion,False,0.99,[0],True,150,http://127.0.0.1:5000,True,10,True,True,True,,,,,,,,,,,,,,,,,,,,,,,,,,,,,,,,,21,11,1,1,1,1,12,src.models.crn.CRNEncoder,64,16,0.3,32,None,,1,0.01,False,adam,0.0,None,,60,False,50,,,,,,,,,,,,,,,,,,,,CRN,,,,,,,,,,,,,,,,,,,,,,,,,,,,,False,,,,,,,,,0.009999032132327557,,30.70077498135647,27.905361918368094,NaN,0,0,0.014941239729523659,0.014941239729523659,0,0.00644311448559165,0.00644311448559165,3.159772795645064,NaN,149,,,,,,,,,,,,,
2024-05-14 18:49:56,19.4min,c8e333c648ed4821aa1eff1c6f415342,persistent-rat-488,LOCAL,runnables/train_rmsn.py,Raytrack,FINISHED,src.data.SyntheticVitalDatasetCollection,sliding_treatment,10000,,0,60,tumor_generator,3,1,5,100000,0.15,0.15,30,30,multilabel,512,15,1.0,exp,None,False,0.99,[0],True,100,http://127.0.0.1:5000,True,100000,True,False,None,,,,,,,,,,,,,,,,,,,,,,,,,,,,,,,,,10,11,1,1,1,1,12,src.models.rmsn.RMSNEncoder,128,,0.2,,None,2.0,1,0.01,False,adam,0.0,None,,16,False,50,,,,,,,,,,,,,,,,,,,,RMSN,src.models.rmsn.RMSNPropensityNetworkHistory,64,0.2,None,1.0,1,0.01,False,adam,0.0,None,16,False,50,src.models.rmsn.RMSNPropensityNetworkTreatment,128,0.2,None,2.0,1,0.01,False,adam,0.0,None,6,False,50,False,,,,,,,,,,0.029525913298130035,13.129032007791764,11.998555552514926,NaN,,,,,,,,8.58583447303458,NaN,99,,,,0.14771002531051636,0.7469260410316284,NaN,0.6227907843395708,NaN,0.37212830781936646,0.5700237200729215,NaN,0.6906645916855015,NaN
2024-05-14 18:29:47,19.1min,0f054913479a40419580367108879b21,funny-eel-167,LOCAL,runnables/train_rmsn.py,Raytrack,FINISHED,src.data.SyntheticVitalDatasetCollection,sliding_treatment,10000,,0,60,tumor_generator,3,1,5,10000,0.15,0.15,30,30,multilabel,512,15,1.0,exp,None,False,0.99,[0],True,100,http://127.0.0.1:5000,True,10000,True,False,None,,,,,,,,,,,,,,,,,,,,,,,,,,,,,,,,,10,11,1,1,1,1,12,src.models.rmsn.RMSNEncoder,128,,0.2,,None,2.0,1,0.01,False,adam,0.0,None,,16,False,50,,,,,,,,,,,,,,,,,,,,RMSN,src.models.rmsn.RMSNPropensityNetworkHistory,64,0.2,None,1.0,1,0.01,False,adam,0.0,None,16,False,50,src.models.rmsn.RMSNPropensityNetworkTreatment,128,0.2,None,2.0,1,0.01,False,adam,0.0,None,6,False,50,False,,,,,,,,,,0.028636880218982697,41.672177631045074,39.93166875765302,NaN,,,,,,,,12.443943791103923,NaN,99,,,,0.08622319251298904,0.596269514423041,NaN,0.6622159331156382,NaN,0.20846222341060638,0.562948367532678,NaN,0.6821200485495946,NaN
2024-05-14 18:09:41,19.0min,e64d7c0d89ce480fbfd26cf10bcdaf21,delightful-jay-291,LOCAL,runnables/train_rmsn.py,Raytrack,FINISHED,src.data.SyntheticVitalDatasetCollection,sliding_treatment,10000,,0,60,tumor_generator,3,1,5,1000,0.15,0.15,30,30,multilabel,512,15,1.0,exp,None,False,0.99,[0],True,100,http://127.0.0.1:5000,True,1000,True,False,None,,,,,,,,,,,,,,,,,,,,,,,,,,,,,,,,,10,11,1,1,1,1,12,src.models.rmsn.RMSNEncoder,128,,0.2,,None,2.0,1,0.01,False,adam,0.0,None,,16,False,50,,,,,,,,,,,,,,,,,,,,RMSN,src.models.rmsn.RMSNPropensityNetworkHistory,64,0.2,None,1.0,1,0.01,False,adam,0.0,None,16,False,50,src.models.rmsn.RMSNPropensityNetworkTreatment,128,0.2,None,2.0,1,0.01,False,adam,0.0,None,6,False,50,False,,,,,,,,,,0.04379548132419586,27.84067516194286,24.993325242783886,NaN,,,,,,,,9.268146286593689,NaN,99,,,,0.16386021673679352,0.7312101940281922,NaN,0.6612238573218195,NaN,0.29949891567230225,0.5855332348833096,NaN,0.6870969732279868,NaN
2024-05-14 17:49:51,18.8min,a28608bf9f82461a9314dd795d47392c,nimble-bass-770,LOCAL,runnables/train_rmsn.py,Raytrack,FINISHED,src.data.SyntheticVitalDatasetCollection,sliding_treatment,10000,,0,60,tumor_generator,3,1,5,100,0.15,0.15,30,30,multilabel,512,15,1.0,exp,None,False,0.99,[0],True,100,http://127.0.0.1:5000,True,100,True,False,None,,,,,,,,,,,,,,,,,,,,,,,,,,,,,,,,,10,11,1,1,1,1,12,src.models.rmsn.RMSNEncoder,128,,0.2,,None,2.0,1,0.01,False,adam,0.0,None,,16,False,50,,,,,,,,,,,,,,,,,,,,RMSN,src.models.rmsn.RMSNPropensityNetworkHistory,64,0.2,None,1.0,1,0.01,False,adam,0.0,None,16,False,50,src.models.rmsn.RMSNPropensityNetworkTreatment,128,0.2,None,2.0,1,0.01,False,adam,0.0,None,6,False,50,False,,,,,,,,,,0.014322006143629551,12.32089132153044,10.387732248779336,NaN,,,,,,,,13.17127453090499,NaN,99,,,,0.07627272605895996,0.8065706101391416,NaN,0.530345437913626,NaN,0.30072301626205444,0.5964168416550746,NaN,0.5865660602014611,NaN
2024-05-14 17:29:37,19.2min,b92bf27c5cdf479abf3e4c9c6e29e81e,melodic-moose-48,LOCAL,runnables/train_rmsn.py,Raytrack,FINISHED,src.data.SyntheticVitalDatasetCollection,sliding_treatment,10000,,0,60,tumor_generator,3,1,5,10,0.15,0.15,30,30,multilabel,512,15,1.0,exp,None,False,0.99,[0],True,100,http://127.0.0.1:5000,True,10,True,False,None,,,,,,,,,,,,,,,,,,,,,,,,,,,,,,,,,10,11,1,1,1,1,12,src.models.rmsn.RMSNEncoder,128,,0.2,,None,2.0,1,0.01,False,adam,0.0,None,,16,False,50,,,,,,,,,,,,,,,,,,,,RMSN,src.models.rmsn.RMSNPropensityNetworkHistory,64,0.2,None,1.0,1,0.01,False,adam,0.0,None,16,False,50,src.models.rmsn.RMSNPropensityNetworkTreatment,128,0.2,None,2.0,1,0.01,False,adam,0.0,None,6,False,50,False,,,,,,,,,,0.02105262130498886,37.900269762518924,31.319432565494225,NaN,,,,,,,,11.264422312649618,NaN,99,,,,0.02960953116416931,1.0890766897746282,NaN,0.44548659331612583,NaN,0.10121741145849228,0.6019410593962713,NaN,0.45712256217204095,NaN
2024-05-14 10:58:19,2.2h,bd8c56b539824d1f84ac5cfe9764524b,rebellious-duck-29,LOCAL,runnables/train_coso.py,Raytrack,FINISHED,src.data.SyntheticVitalDatasetCollection,sliding_treatment,10000,,0,60,tumor_generator,3,1,5,100000,0.15,0.15,30,30,multiclass,512,15,0.01,exp,domain_confusion,False,0.99,[0],True,150,http://127.0.0.1:5000,True,100000,True,True,True,src.models.coso.COSO,32,3,0.4,6,None,1,0.0001,False,adam,0.0,None,0.6,128,False,1,src.models.coso.CRNDecoder,1024,18,0.1,18,None,1,0.01,False,adam,0.0,None,None,3,False,30,12,11,1,1,1,1,12,src.models.coso.CRNEncoder,64,16,0.3,32,None,,1,0.01,False,adam,0.0,None,None,60,False,50,,,,,,,,,,,,,,,,,,,,COSO,,,,,,,,,,,,,,,,,,,,,,,,,,,,,False,-2.0006983280181885,,,,,,,,0.009999035857617855,,10.57288367048963,9.62091076034934,NaN,0,0,0.01137484796345234,0.01137484796345234,0,0.01301976665854454,0.01301976665854454,4.4092574876087856,NaN,99,,,,,,,,,,,,,
2024-05-14 08:40:35,2.3h,4bc32ffc554645d3bbf33ffce95d8423,unequaled-fox-871,LOCAL,runnables/train_coso.py,Raytrack,FINISHED,src.data.SyntheticVitalDatasetCollection,sliding_treatment,10000,,0,60,tumor_generator,3,1,5,10000,0.15,0.15,30,30,multiclass,512,15,0.01,exp,domain_confusion,False,0.99,[0],True,150,http://127.0.0.1:5000,True,10000,True,True,True,src.models.coso.COSO,32,3,0.4,6,None,1,0.0001,False,adam,0.0,None,0.6,128,False,1,src.models.coso.CRNDecoder,1024,18,0.1,18,None,1,0.01,False,adam,0.0,None,None,3,False,30,12,11,1,1,1,1,12,src.models.coso.CRNEncoder,64,16,0.3,32,None,,1,0.01,False,adam,0.0,None,None,60,False,50,,,,,,,,,,,,,,,,,,,,COSO,,,,,,,,,,,,,,,,,,,,,,,,,,,,,False,-1.4865868091583252,,,,,,,,0.009999035857617855,,30.218158116847455,29.058404408952875,NaN,0,0,0.011000691913068295,0.011000691913068295,0,0.01343477237969637,0.01343477237969637,4.021545647497256,NaN,99,,,,,,,,,,,,,
2024-05-14 06:30:40,2.1h,9b0b1e6a62714ef1932208c9e86d508e,nosy-bug-419,LOCAL,runnables/train_coso.py,Raytrack,FINISHED,src.data.SyntheticVitalDatasetCollection,sliding_treatment,10000,,0,60,tumor_generator,3,1,5,1000,0.15,0.15,30,30,multiclass,512,15,0.01,exp,domain_confusion,False,0.99,[0],True,150,http://127.0.0.1:5000,True,1000,True,True,True,src.models.coso.COSO,32,3,0.4,6,None,1,0.0001,False,adam,0.0,None,0.6,128,False,1,src.models.coso.CRNDecoder,1024,18,0.1,18,None,1,0.01,False,adam,0.0,None,None,3,False,30,12,11,1,1,1,1,12,src.models.coso.CRNEncoder,64,16,0.3,32,None,,1,0.01,False,adam,0.0,None,None,60,False,50,,,,,,,,,,,,,,,,,,,,COSO,,,,,,,,,,,,,,,,,,,,,,,,,,,,,False,-1.6591662168502808,,,,,,,,0.009999035857617855,,16.802733497160144,15.255565516084502,NaN,0,0,0.01902502030134201,0.01902502030134201,0,0.024745285511016846,0.024745285511016846,4.594404395420526,NaN,99,,,,,,,,,,,,,
2024-05-14 04:17:56,2.2h,fff0431988b340ad9d2e3d7440ddfb3a,honorable-lamb-249,LOCAL,runnables/train_coso.py,Raytrack,FINISHED,src.data.SyntheticVitalDatasetCollection,sliding_treatment,10000,,0,60,tumor_generator,3,1,5,100,0.15,0.15,30,30,multiclass,512,15,0.01,exp,domain_confusion,False,0.99,[0],True,150,http://127.0.0.1:5000,True,100,True,True,True,src.models.coso.COSO,32,3,0.4,6,None,1,0.0001,False,adam,0.0,None,0.6,128,False,1,src.models.coso.CRNDecoder,1024,18,0.1,18,None,1,0.01,False,adam,0.0,None,None,3,False,30,12,11,1,1,1,1,12,src.models.coso.CRNEncoder,64,16,0.3,32,None,,1,0.01,False,adam,0.0,None,None,60,False,50,,,,,,,,,,,,,,,,,,,,COSO,,,,,,,,,,,,,,,,,,,,,,,,,,,,,False,-1.8111512660980225,,,,,,,,0.009999035857617855,,16.08008937059155,13.447679465930712,NaN,0,0,0.006425292231142521,0.006425292231142521,0,0.02394811436533928,0.02394811436533928,7.4621000692235135,NaN,99,,,,,,,,,,,,,
2024-05-14 01:49:13,2.5h,afb4941c7d494f468a4fcf81fdb19abc,thundering-lynx-613,LOCAL,runnables/train_coso.py,Raytrack,FINISHED,src.data.SyntheticVitalDatasetCollection,sliding_treatment,10000,,0,60,tumor_generator,3,1,5,10,0.15,0.15,30,30,multiclass,512,15,0.01,exp,domain_confusion,False,0.99,[0],True,150,http://127.0.0.1:5000,True,10,True,True,True,src.models.coso.COSO,32,3,0.4,6,None,1,0.0001,False,adam,0.0,None,0.6,128,False,1,src.models.coso.CRNDecoder,1024,18,0.1,18,None,1,0.01,False,adam,0.0,None,None,3,False,30,12,11,1,1,1,1,12,src.models.coso.CRNEncoder,64,16,0.3,32,None,,1,0.01,False,adam,0.0,None,None,60,False,50,,,,,,,,,,,,,,,,,,,,COSO,,,,,,,,,,,,,,,,,,,,,,,,,,,,,False,-1.8529906272888184,,,,,,,,0.009999035857617855,,34.65332290924288,33.543379707084405,NaN,0,0,0.01119274366647005,0.01119274366647005,0,0.010292594321072102,0.010292594321072102,3.989932240366026,NaN,99,,,,,,,,,,,,,
2024-05-12 03:14:04,26.1min,984b4d1613ff403b98b7bd75ee4dac04,bedecked-quail-224,LOCAL,runnables/train_enc_dec.py,Raytrack,FINISHED,src.data.SyntheticVitalDatasetCollection,sliding_treatment,10000,,0,60,tumor_generator,3,1,5,100000,0.15,0.15,30,30,multiclass,512,15,0.01,exp,domain_confusion,False,0.99,[0],True,150,http://127.0.0.1:5000,True,100000,True,True,True,,,,,,,,,,,,,,,,,,,,,,,,,,,,,,,,,21,11,1,1,1,1,12,src.models.crn.CRNEncoder,64,16,0.3,32,None,,1,0.01,False,adam,0.0,None,,60,False,50,,,,,,,,,,,,,,,,,,,,CRN,,,,,,,,,,,,,,,,,,,,,,,,,,,,,False,,,,,,,,,0.009999035857617855,,10.441613173264761,6.5060725138543996,NaN,0,0,0.007142593152821064,0.007142593152821064,0,0.019563883543014526,0.019563883543014526,5.404887322549492,NaN,149,,,,,,,,,,,,,
2024-05-12 02:47:01,26.1min,cb3ac15893c2453198ff6aea605c8c6d,bright-kite-596,LOCAL,runnables/train_enc_dec.py,Raytrack,FINISHED,src.data.SyntheticVitalDatasetCollection,sliding_treatment,10000,,0,60,tumor_generator,3,1,5,10000,0.15,0.15,30,30,multiclass,512,15,0.01,exp,domain_confusion,False,0.99,[0],True,150,http://127.0.0.1:5000,True,10000,True,True,True,,,,,,,,,,,,,,,,,,,,,,,,,,,,,,,,,21,11,1,1,1,1,12,src.models.crn.CRNEncoder,64,16,0.3,32,None,,1,0.01,False,adam,0.0,None,,60,False,50,,,,,,,,,,,,,,,,,,,,CRN,,,,,,,,,,,,,,,,,,,,,,,,,,,,,False,,,,,,,,,0.009999035857617855,,19.95535033801418,15.850021680583382,NaN,0,0,0.009327206760644913,0.009327206760644913,0,0.016083750873804092,0.016083750873804092,4.400419544555589,NaN,149,,,,,,,,,,,,,
2024-05-12 02:20:04,26.0min,13c9ab146f414cb6961723bf61fdc518,amusing-shrew-560,LOCAL,runnables/train_enc_dec.py,Raytrack,FINISHED,src.data.SyntheticVitalDatasetCollection,sliding_treatment,10000,,0,60,tumor_generator,3,1,5,1000,0.15,0.15,30,30,multiclass,512,15,0.01,exp,domain_confusion,False,0.99,[0],True,150,http://127.0.0.1:5000,True,1000,True,True,True,,,,,,,,,,,,,,,,,,,,,,,,,,,,,,,,,21,11,1,1,1,1,12,src.models.crn.CRNEncoder,64,16,0.3,32,None,,1,0.01,False,adam,0.0,None,,60,False,50,,,,,,,,,,,,,,,,,,,,CRN,,,,,,,,,,,,,,,,,,,,,,,,,,,,,False,,,,,,,,,0.009999035857617855,,18.71809896657831,16.557287737616203,NaN,0,0,0.015717078000307083,0.015717078000307083,0,0.02291835844516754,0.02291835844516754,4.4217540135748505,NaN,149,,,,,,,,,,,,,
2024-05-12 01:53:02,26.1min,61f25f06c0a948ddbcbf9d1f37c37ec3,whimsical-roo-566,LOCAL,runnables/train_enc_dec.py,Raytrack,FINISHED,src.data.SyntheticVitalDatasetCollection,sliding_treatment,10000,,0,60,tumor_generator,3,1,5,100,0.15,0.15,30,30,multiclass,512,15,0.01,exp,domain_confusion,False,0.99,[0],True,150,http://127.0.0.1:5000,True,100,True,True,True,,,,,,,,,,,,,,,,,,,,,,,,,,,,,,,,,21,11,1,1,1,1,12,src.models.crn.CRNEncoder,64,16,0.3,32,None,,1,0.01,False,adam,0.0,None,,60,False,50,,,,,,,,,,,,,,,,,,,,CRN,,,,,,,,,,,,,,,,,,,,,,,,,,,,,False,,,,,,,,,0.009999035857617855,,19.758412655031968,14.808651657860542,NaN,0,0,0.005428991746157408,0.005428991746157408,0,0.036188434809446335,0.036188434809446335,9.173216857722652,NaN,149,,,,,,,,,,,,,
2024-05-12 01:26:00,26.1min,41430e090d5948c7b67c802ac31b5fa9,bemused-slug-655,LOCAL,runnables/train_enc_dec.py,Raytrack,FINISHED,src.data.SyntheticVitalDatasetCollection,sliding_treatment,10000,,0,60,tumor_generator,3,1,5,10,0.15,0.15,30,30,multiclass,512,15,0.01,exp,domain_confusion,False,0.99,[0],True,150,http://127.0.0.1:5000,True,10,True,True,True,,,,,,,,,,,,,,,,,,,,,,,,,,,,,,,,,21,11,1,1,1,1,12,src.models.crn.CRNEncoder,64,16,0.3,32,None,,1,0.01,False,adam,0.0,None,,60,False,50,,,,,,,,,,,,,,,,,,,,CRN,,,,,,,,,,,,,,,,,,,,,,,,,,,,,False,,,,,,,,,0.009999035857617855,,24.18463532027989,19.72809744033607,NaN,0,0,0.009624690748751163,0.009624690748751163,0,0.014056550338864326,0.014056550338864326,4.662966421392133,NaN,149,,,,,,,,,,,,,
2024-05-11 20:03:29,24.0min,2c011fcfa65c4022b3f005c7eeec76f9,persistent-hen-829,LOCAL,runnables/train_gnet.py,Raytrack,FINISHED,src.data.SyntheticVitalDatasetCollection,sliding_treatment,10000,0.1,0,60,tumor_generator,3,1,5,100000,0.15,0.15,30,30,multiclass,4096,15,1.0,exp,grad_reverse,False,0.99,[0],True,100,http://127.0.0.1:5000,True,100000,True,False,False,,,,,,,,,,,,,,,,,,,,,,,,,,,,,,,,,21,11,1,1,1,1,12,,,,,,,,,,,,,,,,,,src.models.gnet.GNet,64,[13],0.2,40,True,None,50,1,1,0.01,False,adam,0.0,2,None,48,False,50,G-Net,,,,,,,,,,,,,,,,,,,,,,,,,,,,,,,16.058592978624446,16.438396817580806,15.676986277147591,15.852301925463108,17.232420484174142,3.368932545068372,NaN,,,10.342774790417257,7.372566775645252,NaN,,,,,,,,3.368932545068372,NaN,99,0.1012384444475174,0.014865410514175892,0.08637303858995438,,,,,,,,,,
2024-05-11 19:38:05,24.5min,78743c832cfa4fc98cafebbfcf1272f8,suave-wolf-804,LOCAL,runnables/train_gnet.py,Raytrack,FINISHED,src.data.SyntheticVitalDatasetCollection,sliding_treatment,10000,0.1,0,60,tumor_generator,3,1,5,10000,0.15,0.15,30,30,multiclass,4096,15,1.0,exp,grad_reverse,False,0.99,[0],True,100,http://127.0.0.1:5000,True,10000,True,False,False,,,,,,,,,,,,,,,,,,,,,,,,,,,,,,,,,21,11,1,1,1,1,12,,,,,,,,,,,,,,,,,,src.models.gnet.GNet,64,[13],0.2,40,True,None,50,1,1,0.01,False,adam,0.0,2,None,48,False,50,G-Net,,,,,,,,,,,,,,,,,,,,,,,,,,,,,,,16.852294710720802,16.689377263921198,16.559059847323855,15.455914879725144,14.751537049205709,3.3032933191185916,NaN,,,22.774760657329765,20.56891504347568,NaN,,,,,,,,3.3032933191185916,NaN,99,0.10068925470113754,0.016106853261590004,0.0845823660492897,,,,,,,,,,
2024-05-11 19:08:48,28.3min,a640486164fe434592a279bc3fca8c61,skittish-fox-222,LOCAL,runnables/train_gnet.py,Raytrack,FINISHED,src.data.SyntheticVitalDatasetCollection,sliding_treatment,10000,0.1,0,60,tumor_generator,3,1,5,1000,0.15,0.15,30,30,multiclass,4096,15,1.0,exp,grad_reverse,False,0.99,[0],True,100,http://127.0.0.1:5000,True,1000,True,False,False,,,,,,,,,,,,,,,,,,,,,,,,,,,,,,,,,21,11,1,1,1,1,12,,,,,,,,,,,,,,,,,,src.models.gnet.GNet,64,[13],0.2,40,True,None,50,1,1,0.01,False,adam,0.0,2,None,48,False,50,G-Net,,,,,,,,,,,,,,,,,,,,,,,,,,,,,,,13.086876092021168,11.993012310428561,10.928852872362684,10.365941915413277,10.44092119137562,3.5862830809176476,NaN,,,17.609277010058523,17.550575194362658,NaN,,,,,,,,3.5862830809176476,NaN,99,0.10072442144155502,0.021429482847452164,0.07929495722055435,,,,,,,,,,
2024-05-11 18:40:48,27.0min,ccdcde2cbdfb4be99377b21944052555,bustling-squid-658,LOCAL,runnables/train_gnet.py,Raytrack,FINISHED,src.data.SyntheticVitalDatasetCollection,sliding_treatment,10000,0.1,0,60,tumor_generator,3,1,5,100,0.15,0.15,30,30,multiclass,4096,15,1.0,exp,grad_reverse,False,0.99,[0],True,100,http://127.0.0.1:5000,True,100,True,False,False,,,,,,,,,,,,,,,,,,,,,,,,,,,,,,,,,21,11,1,1,1,1,12,,,,,,,,,,,,,,,,,,src.models.gnet.GNet,64,[13],0.2,40,True,None,50,1,1,0.01,False,adam,0.0,2,None,48,False,50,G-Net,,,,,,,,,,,,,,,,,,,,,,,,,,,,,,,18.040258402536207,18.617566047667676,20.272123039242143,20.092797949788768,22.47453003583057,4.225203168029424,NaN,,,25.263234600533412,20.583348532298242,NaN,,,,,,,,4.225203168029424,NaN,99,0.09492582827806473,0.012376774102449417,0.08254904299974442,,,,,,,,,,
2024-05-11 18:12:27,27.4min,3727a96c31a1482db5ddbae074c0c17a,fearless-tern-658,LOCAL,runnables/train_gnet.py,Raytrack,FINISHED,src.data.SyntheticVitalDatasetCollection,sliding_treatment,10000,0.1,0,60,tumor_generator,3,1,5,10,0.15,0.15,30,30,multiclass,4096,15,1.0,exp,grad_reverse,False,0.99,[0],True,100,http://127.0.0.1:5000,True,10,True,False,False,,,,,,,,,,,,,,,,,,,,,,,,,,,,,,,,,21,11,1,1,1,1,12,,,,,,,,,,,,,,,,,,src.models.gnet.GNet,64,[13],0.2,40,True,None,50,1,1,0.01,False,adam,0.0,2,None,48,False,50,G-Net,,,,,,,,,,,,,,,,,,,,,,,,,,,,,,,18.21625372872269,20.73988527939544,22.5720212629935,25.26343508160915,27.012902913251622,3.3984927746988047,NaN,,,24.156236060060213,22.071734758982426,NaN,,,,,,,,3.3984927746988047,NaN,99,0.09488371759653091,0.014446821995079517,0.08043686300516129,,,,,,,,,,
